workflow,certified,dsr,t_val,t_test,sr_test_ann,rep
naive_signflip,True,0.9999999999999897,11.03466649119972,-1.8613352198484348,-0.504078631864371,0
naive_rankls,True,0.9999999999999248,10.750601243853083,-1.7444108302234718,-0.4724136820341479,0
naive_greedy,True,0.9999793059144672,15.499122915354961,-1.0923810423459928,-0.2958338376819527,0
naive_topj,True,0.9961012182210109,5.956309156569595,-0.119856567779895,-0.032459029444125806,0
train_vault,False,,-0.3260314087674667,-0.04789819578117919,-0.012971579079728922,0
verdict,False,,-0.3260314087674667,-0.04789819578117919,-0.012971579079728922,0
naive_span,False,,15.499122915354961,-1.0923810423459928,-0.2958338376819527,0
split_verdict,False,,3.124862727112189,-0.4312029333550967,-0.11677648517242366,0
naive_signflip,True,0.9999999118663573,8.388022163375204,-1.3904801944604537,-0.37656374122400366,1
naive_rankls,True,0.9999999967153332,8.995014773375466,-1.580772150248635,-0.428097773195049,1
naive_greedy,True,0.9998504654151049,14.29127732109979,-1.0550767961085947,-0.28573126550389527,1
naive_topj,True,0.9909303399913557,5.712457795685716,-0.5895958723426158,-0.15967176546927792,1
train_vault,False,,0.6072972820553836,1.1828053320950205,0.3203221468150646,1
verdict,False,,0.6072972820553836,1.1828053320950205,0.3203221468150646,1
naive_span,False,,14.29127732109979,-1.0550767961085947,-0.28573126550389527,1
split_verdict,False,,3.913491085310777,-0.8441266278750565,-0.22860266714030786,1
naive_signflip,True,0.9999910233639381,7.247249527584888,-0.4625694864234832,-0.12527103735647407,2
naive_rankls,True,0.9999999921743541,8.488127516675416,0.3045782595675061,0.0824845469753275,2
naive_greedy,True,0.9999910748800394,14.45177371214791,0.5839328158031116,0.158138121361455,2
naive_topj,True,0.9903902997610818,5.527029841149581,0.4052040454617217,0.10973558050380906,2
train_vault,False,,-0.5672624505700008,0.34324412423388423,0.09295586667800194,2
verdict,False,,-0.5672624505700008,0.34324412423388423,0.09295586667800194,2
naive_span,False,,14.45177371214791,0.5839328158031116,0.158138121361455,2
split_verdict,False,,3.865296901261778,0.16004565339085133,0.04334286115515987,2
naive_signflip,True,0.9999999999995952,9.823427025319885,-0.09577958929092109,-0.02593860784207922,3
naive_rankls,True,0.999999999999924,10.224440517151999,-1.5335583884777941,-0.41531154952892513,3
naive_greedy,True,0.9999920070569303,15.056817904529847,-1.4924173700100412,-0.40416991954116804,3
naive_topj,True,0.9955566601878876,6.032087061146765,-1.7430462821012431,-0.47204414110286835,3
train_vault,False,,-0.3607996126033771,-1.1933205445301769,-0.32316983047868136,3
verdict,False,,-0.3607996126033771,-1.1933205445301769,-0.32316983047868136,3
naive_span,False,,15.056817904529847,-1.4924173700100412,-0.40416991954116804,3
split_verdict,False,,3.232696429143448,0.08106963154240933,0.02195492167014062,3
naive_signflip,True,0.9999946979040055,7.415747451216403,-0.31926505414404766,-0.08646196019873331,4
naive_rankls,True,0.9999999573677567,8.405213976954872,0.1405831093155772,0.03807210042090423,4
naive_greedy,True,0.999946729707556,13.39654023649749,0.8731450991702594,0.23646132212802817,4
naive_topj,True,0.9810918980622765,5.187519297595685,0.35489067538608393,0.09610993452571467,4
train_vault,False,,0.03514271356309777,0.6794086303308481,0.18399446225592145,4
verdict,False,,0.03514271356309777,0.6794086303308481,0.18399446225592145,4
naive_span,False,,13.39654023649749,0.8731450991702594,0.23646132212802817,4
split_verdict,False,,3.498289522434558,0.1576017949012663,0.04268102612901102,4
naive_signflip,True,0.9999999980598577,8.62182230381954,-3.6095965982136073,-0.9775351024400447,5
naive_rankls,True,0.9999999986046888,8.774649544108724,-3.6866452437059776,-0.9984010783226477,5
naive_greedy,True,0.9997693307528465,14.33979144740044,-1.6583253580176693,-0.4491003924180879,5
naive_topj,True,0.9788212627037429,5.14931699764033,0.08560307456163926,0.023182648804081916,5
train_vault,False,,0.2130030959435921,1.7013392574550084,0.46074922780696054,5
verdict,False,,0.2130030959435921,1.7013392574550084,0.46074922780696054,5
naive_span,False,,14.33979144740044,-1.6583253580176693,-0.4491003924180879,5
split_verdict,False,,4.343721411403591,-0.3132133920016593,-0.08482307562774834,5
naive_signflip,True,0.9999999999993138,10.15194880978295,0.8997501408976413,0.2436663827165906,6
naive_rankls,True,0.9999999999920888,9.929293203836496,0.7720065805484156,0.20907143257345373,6
naive_greedy,True,0.9999824227397971,14.617158091288154,1.379366968797798,0.3735541062437514,6
naive_topj,True,0.9906601889235387,5.523074074526918,-0.33402466260121044,-0.09045909255759246,6
train_vault,False,,-0.16456791735354212,-0.8695374105027693,-0.23548430372300974,6
verdict,False,,-0.16456791735354212,-0.8695374105027693,-0.23548430372300974,6
naive_span,False,,14.617158091288154,1.379366968797798,0.3735541062437514,6
split_verdict,False,,3.2604497426524537,0.8444317279927933,0.22868529301462134,6
naive_signflip,True,0.9999916692899757,7.1118608578110045,-0.08617066791621694,-0.023336361944294302,7
naive_rankls,True,0.9999999999986067,9.636506227350452,0.19278962638288255,0.05221044015523435,7
naive_greedy,True,0.9999886170724404,13.6281925159609,0.7522830730366133,0.2037299988671031,7
naive_topj,True,0.9985540087836172,5.882203068292621,-0.30397446263953404,-0.08232102934232377,7
train_vault,False,,0.6386222443217862,0.3292091763010701,0.08915498370065374,7
verdict,False,,0.6386222443217862,0.3292091763010701,0.08915498370065374,7
naive_span,False,,13.6281925159609,0.7522830730366133,0.2037299988671031,7
split_verdict,False,,3.36065422218069,-0.28598192839223674,-0.0774483702154584,7
naive_signflip,True,0.9996732083770716,6.3322530449618855,1.4146137016964937,0.3830994716931357,8
naive_rankls,True,0.9999875181507056,7.041710330967008,0.40377853619702836,0.10934953034358318,8
naive_greedy,True,0.9999789029252059,14.558507793151277,1.7524611622389525,0.4745938376048075,8
naive_topj,False,0.8647454950611583,4.39241280287944,1.485801780973297,0.4023783147646301,8
train_vault,False,,-1.8125274359514225,-1.456277314693977,-0.3943826284369317,8
verdict,False,,-1.8125274359514225,-1.456277314693977,-0.3943826284369317,8
naive_span,False,,14.558507793151277,1.7524611622389525,0.4745938376048075,8
split_verdict,False,,2.704821193810612,-1.5292799693850803,-0.4141528868550554,8
naive_signflip,True,0.9999916475135721,6.865125615689443,0.5893623735664085,0.15960853035590475,9
naive_rankls,True,0.9999999893245918,8.320224468969498,-0.1893708338680026,-0.051284577776898675,9
naive_greedy,True,0.9999855413288683,13.8227822976861,0.6378887830065523,0.1727502395005207,9
naive_topj,True,0.9548116333516963,4.694408513955318,-1.234440765404231,-0.3343058281534268,9
train_vault,False,,-1.0268719278497138,-1.6790950562613542,-0.45472515090504384,9
verdict,False,,-1.0268719278497138,-1.6790950562613542,-0.45472515090504384,9
naive_span,False,,13.8227822976861,0.6378887830065523,0.1727502395005207,9
split_verdict,False,,2.3586980988107054,-0.009011433699666067,-0.0024404369089593885,9
naive_signflip,True,0.9999998610702532,8.174921969712544,0.5108403028249334,0.13834352791655738,10
naive_rankls,True,0.9999999981716415,8.8617488055592,0.04257031297941587,0.011528705251947779,10
naive_greedy,True,0.9996211697908404,14.07434900817838,-0.4036948480058586,-0.10932686627509178,10
naive_topj,True,0.9757121246777469,5.195081182823118,1.5314128717053856,0.41473051009672346,10
train_vault,False,,1.4390370828987793,-0.7439869130346942,-0.20148326924048818,10
verdict,False,,1.4390370828987793,-0.7439869130346942,-0.20148326924048818,10
naive_span,False,,14.07434900817838,-0.4036948480058586,-0.10932686627509178,10
split_verdict,False,,3.862126030510447,0.7108451857802933,0.19250797217745785,10
naive_signflip,True,0.9999999999985231,9.96267323393766,0.1615090027480407,0.0437391590030949,11
naive_rankls,True,0.9999999999996888,10.166635699761912,0.06219897216103147,0.01684445254995813,11
naive_greedy,True,0.9999930067974119,15.90961400795285,0.7115029867796058,0.1926861149559518,11
naive_topj,True,0.9935259929113607,5.765685454979629,0.29636400812662494,0.08025999946558528,11
train_vault,False,,-0.3821428439573438,1.0259573362396666,0.27784526123403885,11
verdict,True,,2.5795735195787937,0.9544538029818296,0.2584809883004327,11
naive_span,False,,15.90961400795285,0.7115029867796058,0.1926861149559518,11
split_verdict,False,,5.2347771685522995,0.5026453408426755,0.13612420429330727,11
naive_signflip,True,0.9999999998158747,9.51264681313219,0.14178658535556968,0.03839802051807531,12
naive_rankls,True,0.9999999999249135,9.625318981130103,0.318538724771442,0.08626525886706464,12
naive_greedy,True,0.9999989084519015,15.634335634662781,0.9607175420275438,0.26017730660723193,12
naive_topj,True,0.9927101605291356,6.043149298393187,1.1228750344332672,0.3040920867321629,12
train_vault,False,,-0.9060442418606732,-1.3163808891101183,-0.3564964926892992,12
verdict,False,,-0.9060442418606732,-1.3163808891101183,-0.3564964926892992,12
naive_span,False,,15.634335634662781,0.9607175420275438,0.26017730660723193,12
split_verdict,False,,5.1275902609364445,0.6953677919056772,0.1883164523233513,12
naive_signflip,True,0.9999436870063524,6.673996406300152,1.0372380134333246,0.28090024470270486,13
naive_rankls,True,0.9999999990261689,8.814765391849786,0.45510249334361386,0.1232488590751499,13
naive_greedy,True,0.9996028682899587,13.996356044095034,0.3840165249241103,0.10399766921770173,13
naive_topj,True,0.9742556994735809,4.9698050720956335,-0.5470630634793775,-0.14815321691740782,13
train_vault,False,,1.287438030291089,-0.26845669634483194,-0.07270226381863172,13
verdict,False,,1.287438030291089,-0.26845669634483194,-0.07270226381863172,13
naive_span,False,,13.996356044095034,0.3840165249241103,0.10399766921770173,13
split_verdict,False,,3.792847436273704,-0.7292736990380696,-0.19749870122573251,13
naive_signflip,True,0.9999999999984873,10.028401942179835,-0.9894114002946763,-0.2679480513199356,14
naive_rankls,True,0.9999999999867814,9.91657673700929,-1.2250712497913152,-0.33176841707291493,14
naive_greedy,True,0.9999723242744368,15.47507669565616,-1.4430304153427025,-0.3907951613164315,14
naive_topj,False,0.9318984915169366,4.704142459732945,-0.43224580229424303,-0.11705891035970484,14
train_vault,False,,-0.15670473716935374,-1.2425323720432975,-0.33649716153642556,14
verdict,False,,-0.15670473716935374,-1.2425323720432975,-0.33649716153642556,14
naive_span,False,,15.47507669565616,-1.4430304153427025,-0.3907951613164315,14
split_verdict,False,,2.8029669091859883,0.3343169693171212,0.09053825377899409,14
naive_signflip,True,0.9999999992758998,9.121731390662909,0.27013174150283475,0.07315589219387185,15
naive_rankls,True,0.999999999999984,10.338723609107566,0.25704528447936115,0.06961187536014879,15
naive_greedy,True,0.9997537634468058,14.335050975637701,0.07179071703309609,0.01944204678271333,15
naive_topj,True,0.9658245646734178,5.062049423326829,1.3722198497302454,0.37161855483800454,15
train_vault,False,,0.45896756609429445,-0.7507449202383619,-0.2033134430796915,15
verdict,False,,0.45896756609429445,-0.7507449202383619,-0.2033134430796915,15
naive_span,False,,14.335050975637701,0.07179071703309609,0.01944204678271333,15
split_verdict,False,,4.3580436032672925,0.7405942594448267,0.20056448569105884,15
naive_signflip,True,0.9999962407278126,7.124880247976495,0.5797058835971205,0.15699340214018923,16
naive_rankls,True,0.9999999870144142,8.096641187845199,0.32787169005190947,0.0887927715470207,16
naive_greedy,True,0.9973736197475631,13.605157462406567,-0.7434355843395479,-0.2013339608239314,16
naive_topj,False,0.9418181782543382,4.841625467178645,0.036034552480710524,0.009758719289586385,16
train_vault,False,,-0.6657487376895415,-0.5312252030839116,-0.1438640771027884,16
verdict,False,,-0.6657487376895415,-0.5312252030839116,-0.1438640771027884,16
naive_span,False,,13.605157462406567,-0.7434355843395479,-0.2013339608239314,16
split_verdict,False,,3.3828738385012316,0.43253827363847375,0.11713811616502526,16
naive_signflip,True,0.9999999999999912,10.235728527562634,1.234879746009688,0.33442471095360926,17
naive_rankls,True,0.9999999999995483,9.666543619652384,1.3163272179810408,0.3564819577097708,17
naive_greedy,True,0.9997938592606116,14.648304332441814,1.5536738695340073,0.4207591357895748,17
naive_topj,True,0.9922038452448922,5.461153766466246,1.920119729246869,0.5199983946004965,17
train_vault,False,,-0.7847512918539915,0.46640332536917134,0.12630930078689911,17
verdict,False,,-0.7847512918539915,0.46640332536917134,0.12630930078689911,17
naive_span,False,,14.648304332441814,1.5536738695340073,0.4207591357895748,17
split_verdict,False,,3.8930880200017235,1.3740665675687511,0.37211867485483274,17
naive_signflip,True,0.9999999928583001,8.574950819097268,0.4975955506807655,0.13475664229325815,18
naive_rankls,True,0.9999999993733417,9.112884227263036,0.6316361164864831,0.17105691980650167,18
naive_greedy,True,0.9998402195244771,15.09674236286123,0.7580777022636666,0.20529927491248526,18
naive_topj,True,0.9780666207068482,5.32531360106934,1.1426161404766149,0.3094382863955586,18
train_vault,False,,0.6306349380246906,0.5976217863610583,0.16184530826518922,18
verdict,False,,0.6306349380246906,0.5976217863610583,0.16184530826518922,18
naive_span,False,,15.09674236286123,0.7580777022636666,0.20529927491248526,18
split_verdict,False,,2.9308298911011224,-0.026922918780864266,-0.007291146656516134,18
naive_signflip,True,0.9999999066714217,7.963085607635462,-2.008983471292137,-0.5440640830562141,19
naive_rankls,True,0.9999993974244882,7.525554550693656,-1.3399019810442767,-0.36286637153524515,19
naive_greedy,True,0.9998785512359284,12.881755164997005,-0.2048400747207461,-0.05547388966541832,19
naive_topj,True,0.982708465001444,5.182556879099837,-0.9859880232260695,-0.2670209473728885,19
train_vault,False,,0.45786744782894895,-0.6289378128237367,-0.17032617705572378,19
verdict,False,,0.45786744782894895,-0.6289378128237367,-0.17032617705572378,19
naive_span,False,,12.881755164997005,-0.2048400747207461,-0.05547388966541832,19
split_verdict,False,,4.282945652079561,0.09192239014330858,0.02489401810433426,19
naive_signflip,True,0.9999987135185793,7.485791798201918,-0.20868167146469938,-0.05651425402870817,20
naive_rankls,True,0.9999998331742093,7.787576762564401,-0.646869120286299,-0.1751822550135694,20
naive_greedy,True,0.9999498420496638,13.568487029324315,1.1827463779408998,0.3203061811098896,20
naive_topj,True,0.9905016133088469,5.328073352258218,-0.4950974838395122,-0.1340801267993176,20
train_vault,False,,1.4683644723992364,-0.7216775466679719,-0.19544154459251525,20
verdict,False,,1.4683644723992364,-0.7216775466679719,-0.19544154459251525,20
naive_span,False,,13.568487029324315,1.1827463779408998,0.3203061811098896,20
split_verdict,False,,3.001380460461358,-0.4749032524382092,-0.12861121371597187,20
naive_signflip,True,0.9999953952966584,7.577620608689015,0.7361910829893686,0.1993720367759701,21
naive_rankls,True,0.9999999999998658,9.97719273372254,0.726175290667593,0.19665960387470613,21
naive_greedy,True,0.9999603011065139,14.358382173597507,-1.0992113643636305,-0.2976835955015701,21
naive_topj,True,0.9985170141854233,6.035369448932281,0.5679387504406107,0.15380667880349633,21
train_vault,False,,0.5728647301981244,1.1257442877724233,0.3048691253237348,21
verdict,False,,0.5728647301981244,1.1257442877724233,0.3048691253237348,21
naive_span,False,,14.358382173597507,-1.0992113643636305,-0.2976835955015701,21
split_verdict,False,,4.5230184641716615,0.35726021825119947,0.09675164372073473,21
naive_signflip,True,0.9999999999997929,10.181294936702466,0.9405872319816502,0.25472570442470516,22
naive_rankls,True,0.9999999999999657,10.287631137054236,0.7141178654078325,0.19339426490516687,22
naive_greedy,True,0.9999094386232844,15.478080416789387,1.2773474114205667,0.34592561764173,22
naive_topj,True,0.9961438259237858,5.854271643907413,-0.18488170362018275,-0.05006885123315108,22
train_vault,False,,0.7145209085318438,-0.4632062356560072,-0.12544347898791622,22
verdict,False,,0.7145209085318438,-0.4632062356560072,-0.12544347898791622,22
naive_span,False,,15.478080416789387,1.2773474114205667,0.34592561764173,22
split_verdict,False,,4.32925603229769,1.0200375829145232,0.2762420996297816,22
naive_signflip,True,0.9999999717732407,8.210079210760151,-0.09897308477129844,-0.026803456266719653,23
naive_rankls,True,0.9999999940868651,8.491168815032669,0.15968861783125166,0.04324617035250875,23
naive_greedy,True,0.9998318689066171,13.13793023507286,0.802672043103535,0.21737611850290783,23
naive_topj,True,0.9832675264167646,5.0924234686142595,-0.1605146595016035,-0.0434698753308564,23
train_vault,False,,-0.8168312688964873,0.24445095233771566,0.06620113362619984,23
verdict,False,,-0.8168312688964873,0.24445095233771566,0.06620113362619984,23
naive_span,False,,13.13793023507286,0.802672043103535,0.21737611850290783,23
split_verdict,False,,2.9115065335807704,0.7352961773348946,0.1991296823557966,23
naive_signflip,True,0.9999999999999921,10.893643058879816,0.956099679953808,0.2589267174755995,24
naive_rankls,True,0.9999999999999923,10.907292398668025,0.9050415630560835,0.2450993824330316,24
naive_greedy,True,0.9999992071563812,15.030381672083237,0.36761264474306227,0.09955524240991637,24
naive_topj,True,0.9705066630716734,5.178533796852049,-0.25977566891870896,-0.07035130608599209,24
train_vault,True,,1.8331676232743437,-0.7287105529518403,-0.19734619247520804,24
verdict,False,,1.8331676232743437,-0.7287105529518403,-0.19734619247520804,24
naive_span,False,,15.030381672083237,0.36761264474306227,0.09955524240991637,24
split_verdict,False,,4.035859221979419,-0.45409171596441533,-0.12297512478323264,24
naive_signflip,True,0.9995819367364337,6.608737025731603,-0.3667445793612163,-0.0993201567545311,25
naive_rankls,True,0.999999999999936,10.526899260941772,-0.17196307613143078,-0.04657028525714929,25
naive_greedy,True,0.9999925767395513,15.453808084592326,0.29695154199065626,0.08041911280701715,25
naive_topj,True,0.999050534600553,6.782734477767191,-0.15279601515170166,-0.041379545957481625,25
train_vault,False,,1.631282723338557,0.2002615612661957,0.0542339567540697,25
verdict,False,,1.631282723338557,0.2002615612661957,0.0542339567540697,25
naive_span,False,,15.453808084592326,0.29695154199065626,0.08041911280701715,25
split_verdict,True,,6.328255708814586,-0.7036672729065371,-0.1905640813283182,25
naive_signflip,True,0.999999999999277,10.194267185128648,0.8528839224566013,0.2309742792091204,26
naive_rankls,True,0.9999999999999815,10.686847484188906,0.7279165710778077,0.1971311697901379,26
naive_greedy,True,0.9999090315206233,15.330092127897245,-0.3205135996681902,-0.08680008581571991,26
naive_topj,True,0.9892865662725137,5.7570113342872835,-0.953464871895029,-0.2582131703255044,26
train_vault,False,,0.12683526689867106,-1.672023224192914,-0.45280998839384173,26
verdict,False,,0.12683526689867106,-1.672023224192914,-0.45280998839384173,26
naive_span,False,,15.330092127897245,-0.3205135996681902,-0.08680008581571991,26
split_verdict,False,,4.770195403924427,-0.9880299704122869,-0.26757393854449035,26
naive_signflip,True,0.9999950233768167,7.064492638992591,0.4639730223726653,0.12565113679986922,27
naive_rankls,True,0.9999989283717639,7.372583789667913,0.3628133387273392,0.09825551542656237,27
naive_greedy,True,0.9993834070860231,14.895636584560581,0.7220385886021,0.19553932038392577,27
naive_topj,True,0.9939337470566496,5.841121173310518,-0.37215527064185366,-0.10078545641098215,27
train_vault,False,,0.5822894843929015,0.5851229661622682,0.1584604326562498,27
verdict,False,,0.5822894843929015,0.5851229661622682,0.1584604326562498,27
naive_span,False,,14.895636584560581,0.7220385886021,0.19553932038392577,27
split_verdict,False,,4.663568759752188,-0.649652377199731,-0.1759360044307024,27
naive_signflip,True,0.9999999896731767,8.046425601979777,1.6103265655502794,0.436101570185479,28
naive_rankls,True,0.9999999999999967,9.815732480049059,1.5529366059847691,0.4205594733121981,28
naive_greedy,True,0.9996773395183733,14.23438281027656,0.46939206545285733,0.12711869825400626,28
naive_topj,True,0.9849328789895213,5.5286958758337335,-1.959372861832285,-0.5306287556225473,28
train_vault,False,,-1.0129281492511186,0.0958516467465183,0.025958122125828726,28
verdict,False,,-1.0129281492511186,0.0958516467465183,0.025958122125828726,28
naive_span,False,,14.23438281027656,0.46939206545285733,0.12711869825400626,28
split_verdict,False,,4.071283213453706,-0.7058656793248848,-0.19115944410221594,28
naive_signflip,True,0.9999991921580103,7.717774818288023,0.5842982940069453,0.1582370985639493,29
naive_rankls,True,0.9999999972390856,8.863591754801098,1.508111928490622,0.4084202509603794,29
naive_greedy,True,0.9999829101398227,15.55156733297098,0.9260978776697604,0.25080176110689145,29
naive_topj,True,0.9943549071128472,5.983703096121768,1.5196980481318425,0.4115579530116193,29
train_vault,False,,-1.2117695733395677,2.4676087528296105,0.6682669681628777,29
verdict,False,,-1.2117695733395677,2.4676087528296105,0.6682669681628777,29
naive_span,False,,15.55156733297098,0.9260978776697604,0.25080176110689145,29
split_verdict,False,,3.7849391354213227,1.055323214019974,0.28579799932073296,29
naive_signflip,True,0.9981371275201109,5.48433454253858,-2.359951535320666,-0.6391117131966859,30
naive_rankls,True,0.9999999995790091,8.610317292547968,-2.971523001407635,-0.8047348124778082,30
naive_greedy,True,0.9999889413269718,13.67127606229883,-1.3692795848903307,-0.3708222852235803,30
naive_topj,False,0.8804098784599657,4.0491900811569606,-0.3192018247157532,-0.0864448366825776,30
train_vault,False,,-0.3471663406237234,-0.09175437237285237,-0.024848516269437827,30
verdict,False,,-0.3471663406237234,-0.09175437237285237,-0.024848516269437827,30
naive_span,False,,13.67127606229883,-1.3692795848903307,-0.3708222852235803,30
split_verdict,False,,3.251497109524151,-0.4791550575080326,-0.12976266889701393,30
naive_signflip,True,0.9999991995159906,7.498320678156599,0.5114957338726187,0.13852102887515716,31
naive_rankls,True,0.9999999996197915,8.793154993539483,0.486317109422084,0.1317022643506854,31
naive_greedy,True,0.9998704118991841,12.997786240309441,-0.2298703984974451,-0.06225249205253055,31
naive_topj,False,0.9453240658028993,4.383006780776753,-1.0927599037356002,-0.295936439260058,31
train_vault,False,,0.7786293750651203,-0.09375963004257573,-0.025391571347271682,31
verdict,False,,0.7786293750651203,-0.09375963004257573,-0.025391571347271682,31
naive_span,False,,12.997786240309441,-0.2298703984974451,-0.06225249205253055,31
split_verdict,False,,2.794674681451113,0.9509674646903625,0.257536833471448,31
naive_signflip,True,0.9999993692565001,7.415451447185885,-0.849321638468248,-0.23000955709995208,32
naive_rankls,True,0.999999999431495,8.799537040171321,-1.6008461146166275,-0.4335341160884778,32
naive_greedy,True,0.9975116725552188,12.897838778521647,-1.1030065086071272,-0.29871137980264056,32
naive_topj,True,0.9611720625625897,4.712313934360073,-1.1323376052598162,-0.3066546986170629,32
train_vault,False,,-0.9745193755364681,-0.027740008945399224,-0.007512427427360923,32
verdict,False,,-0.9745193755364681,-0.027740008945399224,-0.007512427427360923,32
naive_span,False,,12.897838778521647,-1.1030065086071272,-0.29871137980264056,32
split_verdict,False,,2.463240220107238,-0.6774410361189922,-0.18346160703038214,32
naive_signflip,True,0.9999999997837731,9.145093051598284,-0.5310629281826453,-0.14382013052651133,33
naive_rankls,True,0.9999999954670349,8.680133450431544,-0.1763095637009894,-0.04774738193705686,33
naive_greedy,True,0.9998955790534879,15.676183359228387,-1.323436816459541,-0.35840734795432827,33
naive_topj,True,0.9804350164667127,5.8638959763251215,0.5517416941027653,0.14942026312084672,33
train_vault,False,,-0.10438862189461275,0.5428767733643025,0.14701950420876087,33
verdict,False,,-0.10438862189461275,0.5428767733643025,0.14701950420876087,33
naive_span,False,,15.676183359228387,-1.323436816459541,-0.35840734795432827,33
split_verdict,False,,4.849416530776802,-0.5717019472597492,-0.15482581124337044,33
naive_signflip,True,0.9999999995826241,8.905286125722235,-0.35654134945520377,-0.09655696282966718,34
naive_rankls,True,0.999999999214248,8.76253074617383,-0.4455552038070891,-0.12066330404118007,34
naive_greedy,True,0.9998528474040611,13.698663204182612,-0.8565489373398636,-0.2319668224481979,34
naive_topj,False,0.9358694149054049,4.469698364954722,-0.5265864988166868,-0.14260784357982498,34
train_vault,False,,0.6894265909762791,0.3454980010607092,0.09356625170437526,34
verdict,False,,0.6894265909762791,0.3454980010607092,0.09356625170437526,34
naive_span,False,,13.698663204182612,-0.8565489373398636,-0.2319668224481979,34
split_verdict,False,,3.644571960876184,-0.13903499828146923,-0.03765284778778056,34
naive_signflip,True,0.9999999999997812,10.318812724599589,0.524032872658723,0.1419162817556715,35
naive_rankls,True,0.9999999999999833,10.41395287144088,0.7752878175286758,0.20996004276585475,35
naive_greedy,True,0.9999999127888269,15.639012035428907,1.849318624701471,0.5008243503267107,35
naive_topj,False,0.9376522808602126,4.755696876020484,-0.8414497675072667,-0.22787773156852123,35
train_vault,False,,0.1550367655444079,-0.211456297468502,-0.057265666060790185,35
verdict,False,,0.1550367655444079,-0.211456297468502,-0.057265666060790185,35
naive_span,False,,15.639012035428907,1.849318624701471,0.5008243503267107,35
split_verdict,False,,3.939249072582323,-0.11062622381179875,-0.02995930821741717,35
naive_signflip,True,0.9999999999975029,9.835835798353108,0.1970149839806646,0.053354732948018416,36
naive_rankls,True,0.9999999999977099,9.846134695106127,0.2338625791106989,0.0633336368781511,36
naive_greedy,True,0.9990587394744844,14.866877413569695,0.40097060604696666,0.1085890990288364,36
naive_topj,True,0.9953969648790357,5.918548986931429,1.15568760302335,0.3129782424909261,36
train_vault,False,,0.8349759018179638,0.014229841359366162,0.003853663159428326,36
verdict,True,,2.4723407164950615,0.11729709090517963,0.03176588315454983,36
naive_span,False,,14.866877413569695,0.40097060604696666,0.1085890990288364,36
split_verdict,False,,4.033049759142606,0.37641366561565737,0.10193869624088656,36
naive_signflip,True,0.9997106421851133,6.478426412447719,1.2564867379262832,0.3402762216368427,37
naive_rankls,True,0.9999017115020422,6.678797873014271,0.6411883858238119,0.17364382344826093,37
naive_greedy,True,0.9999045375729454,14.735666597158794,-0.43609917230207307,-0.11810246310662612,37
naive_topj,True,0.9990405346785625,6.5633402393597216,-0.49040024352372724,-0.1328080408006914,37
train_vault,False,,-1.290759679362426,-1.286601243869523,-0.3484316999156966,37
verdict,False,,-1.290759679362426,-1.286601243869523,-0.3484316999156966,37
naive_span,False,,14.735666597158794,-0.43609917230207307,-0.11810246310662612,37
split_verdict,False,,5.113216310499245,-0.997872715708467,-0.27023950761006255,37
naive_signflip,True,0.9999999999961678,9.480872969808056,-2.2896338745629174,-0.620068593046864,38
naive_rankls,True,0.999999999989808,9.332910537808244,-2.1803631200972493,-0.5904763670864447,38
naive_greedy,True,0.9998580780957375,13.344372864523695,-1.9887471877229557,-0.5385837815893977,38
naive_topj,True,0.9936324076587697,5.519633402974208,-1.558190872414817,-0.42198241067741116,38
train_vault,False,,-1.093092017089022,0.0212341000566649,0.005750525746945457,38
verdict,False,,-1.093092017089022,0.0212341000566649,0.005750525746945457,38
naive_span,False,,13.344372864523695,-1.9887471877229557,-0.5385837815893977,38
split_verdict,False,,4.571471706460168,-1.1276310331915633,-0.3053800854342053,38
naive_signflip,True,0.9999999930994286,8.159034752123477,-0.33615902926347724,-0.09103711236592124,39
naive_rankls,True,0.9999999996556355,8.615518556952914,-0.3636624794254978,-0.0984854759822021,39
naive_greedy,True,0.9878844261088429,12.465363199829921,-0.6846701750383936,-0.18541937069229042,39
naive_topj,True,0.9501643438750988,4.18196786391064,0.8600316403482716,0.23290999278578556,39
train_vault,False,,0.5498504548622066,0.1755418171955503,0.047539464199320224,39
verdict,False,,0.5498504548622066,0.1755418171955503,0.047539464199320224,39
naive_span,False,,12.465363199829921,-0.6846701750383936,-0.18541937069229042,39
split_verdict,False,,2.7869949833164176,-0.639743823246319,-0.17325261335351808,39
naive_signflip,True,0.9999999999994434,10.12562550166475,-0.7329163347622615,-0.1984851838392085,40
naive_rankls,True,0.9999999999998962,10.212383833788856,-0.5380347465428286,-0.14570820776436333,40
naive_greedy,True,0.9999982814234122,14.83579696966399,-0.5843320374245974,-0.15824623680816402,40
naive_topj,True,0.9798237214521073,5.105082343201528,-1.7371138331228237,-0.4704375413175324,40
train_vault,False,,-0.045668704545714964,-0.30976651925624615,-0.08388960868466866,40
verdict,False,,-0.045668704545714964,-0.30976651925624615,-0.08388960868466866,40
naive_span,False,,14.83579696966399,-0.5843320374245974,-0.15824623680816402,40
split_verdict,False,,3.0386855593248323,-1.671059599307943,-0.4525490237333835,40
naive_signflip,True,0.9999999989732601,8.884514750885186,-1.6509748337928736,-0.4471097557207268,41
naive_rankls,True,0.999999999990577,9.720375579730467,-0.5977769626032464,-0.1618873324137821,41
naive_greedy,True,0.9999922907423467,15.383495863164983,-0.6889231677915292,-0.1865711475165125,41
naive_topj,True,0.9887831170821857,5.673009957012275,-1.2085302508461044,-0.3272888563634524,41
train_vault,False,,-0.41837332821611667,-1.4629732728223124,-0.39619599841798614,41
verdict,False,,-0.41837332821611667,-1.4629732728223124,-0.39619599841798614,41
naive_span,False,,15.383495863164983,-0.6889231677915292,-0.1865711475165125,41
split_verdict,False,,3.567235819966693,-1.262867493189784,-0.3420042297619717,41
naive_signflip,True,0.9999999999979117,9.938844143614697,0.3940806151236193,0.10672318193815689,42
naive_rankls,True,0.9999999999914154,9.737209924982565,0.34258329287719563,0.09277690323142848,42
naive_greedy,True,0.9999977305894021,15.829231946330344,-0.27959106740461387,-0.07571762530249282,42
naive_topj,True,0.9605872867837905,5.016427518228942,1.3092324316607924,0.35456057882887687,42
train_vault,False,,-0.6559422110086163,1.1266785413738456,0.3051221357821398,42
verdict,False,,-0.6559422110086163,1.1266785413738456,0.3051221357821398,42
naive_span,False,,15.829231946330344,-0.27959106740461387,-0.07571762530249282,42
split_verdict,False,,2.9628358769936405,1.0684715079136038,0.28935876254413084,42
naive_signflip,True,0.9999999562662127,7.469622027613324,-2.0698869651194682,-0.5605576998517643,43
naive_rankls,True,0.9999999980379315,8.158454535821047,-2.0006062524956327,-0.5417954014427462,43
naive_greedy,True,0.9941022829413448,13.220104123636917,-0.9603173721512877,-0.26006893435832934,43
naive_topj,True,0.9856506891462236,4.930226266213405,0.09647451312506754,0.02612680406371146,43
train_vault,False,,-0.3352715859322487,-1.529220473444809,-0.4141367744257339,43
verdict,False,,-0.3352715859322487,-1.529220473444809,-0.4141367744257339,43
naive_span,False,,13.220104123636917,-0.9603173721512877,-0.26006893435832934,43
split_verdict,False,,2.625947414149189,-0.39026965034757105,-0.10569111318992241,43
naive_signflip,True,0.9999999999950437,9.422027497878782,1.0685313798626126,0.28937497680248775,44
naive_rankls,True,0.999999999987216,9.35637396559738,1.1360560670742936,0.3076617161193881,44
naive_greedy,True,0.9999862698049313,13.692416015631716,1.9703789880833087,0.5336093864103719,44
naive_topj,True,0.9757668314938794,4.677203102529625,-0.47084628292043024,-0.12751252304368982,44
train_vault,False,,0.3956333286959983,-0.5610847252741564,-0.15195050180118744,44
verdict,False,,0.3956333286959983,-0.5610847252741564,-0.15195050180118744,44
naive_span,False,,13.692416015631716,1.9703789880833087,0.5336093864103719,44
split_verdict,False,,2.6230935909639332,0.08341307072601861,0.022589561580745928,44
naive_signflip,True,0.999999998997665,9.016275335531628,0.9525934054965163,0.2579771636217179,45
naive_rankls,True,0.9999999999999806,10.68629766101663,0.9680044581130864,0.26215071722759825,45
naive_greedy,True,0.9997230674469113,15.62132491137892,1.9020887237010786,0.5151153168454852,45
naive_topj,True,0.9993815711254043,6.9761888867119035,0.5541556017837403,0.15007398700050978,45
train_vault,False,,-1.7473339872471307,1.0202988584588746,0.27631285712554693,45
verdict,False,,-1.7473339872471307,1.0202988584588746,0.27631285712554693,45
naive_span,False,,15.62132491137892,1.9020887237010786,0.5151153168454852,45
split_verdict,False,,4.543743138280042,0.6232433173448854,0.16878401879238258,45
naive_signflip,True,0.9999592571404237,7.078743448768413,-1.0701692012313153,-0.28981852439454436,46
naive_rankls,True,0.9999996845529802,8.112972248056487,-0.0786254739998739,-0.021293005655784767,46
naive_greedy,True,0.9999509429832419,15.474824648086413,-1.1568086314979933,-0.3132818345004434,46
naive_topj,False,0.8681861338177606,4.810546638738871,1.1487624574511976,0.3111028049726071,46
train_vault,False,,-1.473609590373172,-0.283177983518562,-0.07668901817576498,46
verdict,False,,-1.473609590373172,-0.283177983518562,-0.07668901817576498,46
naive_span,False,,15.474824648086413,-1.1568086314979933,-0.3132818345004434,46
split_verdict,False,,3.9433938531177195,-1.0126799571524514,-0.2742495397252754,46
naive_signflip,True,0.9999999987542261,8.641843648551033,-1.8342819043141476,-0.49675217173161257,47
naive_rankls,True,0.9999999999533583,8.96259476224425,-1.7921925965692926,-0.48535373020538797,47
naive_greedy,True,0.9999757320172106,14.420152776233063,-1.0445270392384005,-0.2828742266680523,47
naive_topj,True,0.9891076073776982,5.523717934295413,-0.19365217350632807,-0.05244403138010806,47
train_vault,False,,0.32557434271100527,1.9180834649824972,0.5194469424528374,47
verdict,False,,0.32557434271100527,1.9180834649824972,0.5194469424528374,47
naive_span,False,,14.420152776233063,-1.0445270392384005,-0.2828742266680523,47
split_verdict,False,,4.137753238925785,-0.35254168507509226,-0.09547379128316444,47
naive_signflip,True,0.9999999899532125,8.374388314208536,-0.47210739599140383,-0.12785405214853018,48
naive_rankls,True,0.9999999889321634,8.382970191926312,-0.38248068033691707,-0.10358173852987447,48
naive_greedy,True,0.9998683390742505,13.157992264513375,-0.2713050411417751,-0.07347364005060245,48
naive_topj,True,0.9759213458920405,4.89067478721788,0.7361087616519859,0.19934974287282003,48
train_vault,False,,0.28067556041251107,0.757677837373265,0.2051909852585128,48
verdict,False,,0.28067556041251107,0.757677837373265,0.2051909852585128,48
naive_span,False,,13.157992264513375,-0.2713050411417751,-0.07347364005060245,48
split_verdict,False,,3.289238687271451,0.18590816721118023,0.05034683359607588,48
naive_signflip,True,0.9999999993811101,8.93826266856937,-0.038869040124146055,-0.010526342788085378,49
naive_rankls,True,0.9999999999994803,10.008574173817895,0.5342142299564588,0.14467355223679576,49
naive_greedy,True,0.9999976867669176,14.93055573872141,0.4074026137254281,0.11033098710795627,49
naive_topj,True,0.9888557386427195,5.59739598300724,-0.3113582646879174,-0.0843206781937593,49
train_vault,False,,0.3284532235930297,-0.7882870520324652,-0.21348043837975597,49
verdict,False,,0.3284532235930297,-0.7882870520324652,-0.21348043837975597,49
naive_span,False,,14.93055573872141,0.4074026137254281,0.11033098710795627,49
split_verdict,False,,4.096549363622141,0.27983053410271225,0.07578247662226978,49
naive_signflip,True,0.999999999981982,9.388891827428518,-1.0239934743247272,-0.27731341677276355,50
naive_rankls,True,0.999999999999809,10.201074902361382,-1.3841894948026507,-0.3748601215626118,50
naive_greedy,True,0.9999992401712342,16.19944477010582,-0.7995307057685566,-0.21652539531819887,50
naive_topj,True,0.9774037066420092,5.14729237981487,0.7011860329350881,0.18989212281337803,50
train_vault,False,,-1.3303870089358922,0.27054526056398576,0.07326787961041674,50
verdict,False,,-1.3303870089358922,0.27054526056398576,0.07326787961041674,50
naive_span,False,,16.19944477010582,-0.7995307057685566,-0.21652539531819887,50
split_verdict,False,,2.8843972077659012,1.6282324584121057,0.44095076547273865,50
naive_signflip,True,0.999999999186785,8.395389236166968,0.7235635516769948,0.19595230418836873,51
naive_rankls,True,0.9999999999962141,9.302101747831207,0.01591070319492753,0.004308866781746181,51
naive_greedy,True,0.9970529027862871,13.221922679618524,-0.7773886583359786,-0.21052898324934072,51
naive_topj,True,0.9967828811440629,5.58376047842054,-0.569721448626503,-0.15428946129908835,51
train_vault,False,,-1.2574683999278624,-0.34635291532952295,-0.09379777583307038,51
verdict,False,,-1.2574683999278624,-0.34635291532952295,-0.09379777583307038,51
naive_span,False,,13.221922679618524,-0.7773886583359786,-0.21052898324934072,51
split_verdict,False,,2.912131928917213,0.5179189032696895,0.14026052340971618,51
naive_signflip,True,0.9999999344498519,7.5627433793133605,0.1863601552919195,0.050469239023603646,52
naive_rankls,True,0.9999999999999103,9.946339316393535,0.9009303524470024,0.24398600242655394,52
naive_greedy,True,0.9952551924558805,14.426132114826144,0.6903020086367105,0.18694455914026842,52
naive_topj,True,0.9520245738290314,4.5624225643458205,0.25928015704930035,0.07021711373711235,52
train_vault,False,,-0.9222209654906812,-1.4065848388724351,-0.3809251303146345,52
verdict,False,,-0.9222209654906812,-1.4065848388724351,-0.3809251303146345,52
naive_span,False,,14.426132114826144,0.6903020086367105,0.18694455914026842,52
split_verdict,False,,1.8767563523075317,0.18841948890839774,0.051026938711911905,52
naive_signflip,True,0.9999999965733075,8.518715900341729,0.15520883987034606,0.04203297655404114,53
naive_rankls,True,0.9999999998887991,9.08996630351176,-0.16742570237734383,-0.04534149361885229,53
naive_greedy,True,0.9999915864320612,15.154392203967012,-0.2509795577017931,-0.06796918186641661,53
naive_topj,True,0.9969161947547261,5.991092634667483,0.3908167344424883,0.10583927210248151,53
train_vault,False,,0.5394091167691638,-0.2277727502731246,-0.06168441617035049,53
verdict,False,,0.5394091167691638,-0.2277727502731246,-0.06168441617035049,53
naive_span,False,,15.154392203967012,-0.2509795577017931,-0.06796918186641661,53
split_verdict,False,,5.213657995626288,0.5558204372741341,0.1505248504383946,53
naive_signflip,True,0.9999947591426211,7.5133622415857255,0.14073125529608121,0.038112220664894864,54
naive_rankls,True,0.9999999996634638,8.609495579710522,0.12854998728047867,0.034813343143962255,54
naive_greedy,True,0.9997859875936453,13.863033440899285,-1.1121565795611275,-0.3011893618441182,54
naive_topj,True,0.9961359750492591,5.7782636370822935,0.7674627830210061,0.2078409012770697,54
train_vault,False,,0.013313921477796057,-0.6450644283740835,-0.1746935162735802,54
verdict,False,,0.013313921477796057,-0.6450644283740835,-0.1746935162735802,54
naive_span,False,,13.863033440899285,-1.1121565795611275,-0.3011893618441182,54
split_verdict,False,,3.141289075354195,0.5402559072939915,0.14630973276676898,54
naive_signflip,True,0.9999999990320709,8.236120197439913,-1.1765892629003507,-0.31863873824802613,55
naive_rankls,True,0.9999999999919625,9.111651158016889,-1.5049112709408226,-0.4075534629355439,55
naive_greedy,True,0.9999519455733339,14.318123956568156,-1.797129183016504,-0.48669063487245434,55
naive_topj,True,0.9992571643348892,6.433103836783376,-0.19875337585356814,-0.053825516602458,55
train_vault,False,,-0.3494052786471692,0.6535641570046232,0.17699537546241012,55
verdict,False,,-0.3494052786471692,0.6535641570046232,0.17699537546241012,55
naive_span,False,,14.318123956568156,-1.797129183016504,-0.48669063487245434,55
split_verdict,False,,5.300967215899491,-0.8522245844187113,-0.2307957201765874,55
naive_signflip,True,0.9999999999095331,9.478122321988874,0.3230745353511611,0.08749362717334261,56
naive_rankls,True,0.9999999999746464,9.585914154557825,0.49843243652677055,0.1349832840436438,56
naive_greedy,True,0.9999896789865836,15.62332496398627,1.0219767954739842,0.27676726866083173,56
naive_topj,True,0.9904528894798935,5.788306675369529,-0.2372850806626018,-0.06426050372160845,56
train_vault,False,,0.9038825944715446,-1.2578344623937756,-0.34064120645981244,56
verdict,False,,0.9038825944715446,-1.2578344623937756,-0.34064120645981244,56
naive_span,False,,15.62332496398627,1.0219767954739842,0.27676726866083173,56
split_verdict,False,,3.8285198030437626,0.12485280134360262,0.033812087481395234,56
naive_signflip,True,0.9999994724541007,7.7695587196476685,-0.8841215189890622,-0.23943390795030775,57
naive_rankls,True,0.9999993611667953,7.561280835498292,-0.3398271382225542,-0.09203049352902604,57
naive_greedy,True,0.9978865827677296,15.826502747670858,-0.20738470573731868,-0.056163015464874254,57
naive_topj,True,0.9912285628372466,5.700331848799109,-0.7012863678884029,-0.1899192950849043,57
train_vault,False,,0.5214181039592181,-0.5995615820116563,-0.16237063520642098,57
verdict,False,,0.5214181039592181,-0.5995615820116563,-0.16237063520642098,57
naive_span,False,,15.826502747670858,-0.20738470573731868,-0.056163015464874254,57
split_verdict,False,,3.8638674280550727,-2.5901232032297252,-0.7014457937085169,57
naive_signflip,True,0.999999999288189,9.589150484165941,0.29487209116726965,0.07985596506506053,58
naive_rankls,True,0.999999999999064,10.391638488705897,0.5344196791394109,0.14472919108247803,58
naive_greedy,True,0.9999999313752691,17.169094510947385,-0.287372867965816,-0.07782505836371839,58
naive_topj,True,0.9991684951412517,6.895254767568839,-0.34867535939723593,-0.09442672993856976,58
train_vault,False,,-0.15925320647983943,-0.7948210994682475,-0.21524996041793792,58
verdict,False,,-0.15925320647983943,-0.7948210994682475,-0.21524996041793792,58
naive_span,False,,17.169094510947385,-0.287372867965816,-0.07782505836371839,58
split_verdict,False,,5.434433715473874,0.9245797880474246,0.25039063874069195,58
naive_signflip,True,0.9995839822021821,5.961665582573537,-0.8186108984783093,-0.2216926093343952,59
naive_rankls,True,0.9999999972144795,8.239968735830406,-0.11140746051233445,-0.03017087931055984,59
naive_greedy,True,0.9999694346864607,13.14618834760667,0.0706413598674463,0.019130782921477504,59
naive_topj,True,0.997863022030424,5.7742169825539555,0.2608357257739401,0.07063838602924212,59
train_vault,False,,0.3280170421579462,-0.8559582704619634,-0.23180686063770586,59
verdict,False,,0.3280170421579462,-0.8559582704619634,-0.23180686063770586,59
naive_span,False,,13.14618834760667,0.0706413598674463,0.019130782921477504,59
split_verdict,False,,3.3289538638317593,-1.2932658786854467,-0.3502365870548118,59
naive_signflip,True,0.9999465452146995,7.026021424807745,-0.12177452208657691,-0.032978441408494756,60
naive_rankls,True,0.9999999999944471,9.967260553733729,0.009871956549409972,0.0026734799289169966,60
naive_greedy,True,0.9999999873398989,14.784606901551928,1.3779643689840786,0.37317426032045203,60
naive_topj,True,0.9977170126651731,6.284458539753892,0.932746984418183,0.25260244300294343,60
train_vault,False,,1.339242220626477,-0.9723562845227595,-0.2633292597487449,60
verdict,False,,1.339242220626477,-0.9723562845227595,-0.2633292597487449,60
naive_span,False,,14.784606901551928,1.3779643689840786,0.37317426032045203,60
split_verdict,False,,4.648024046157321,0.17525227448965236,0.047461051514974616,60
naive_signflip,True,1.0,11.60298257557768,0.9392252682531069,0.25435686338757646,61
naive_rankls,True,1.0,11.603705557426139,1.050859382571546,0.2845891240867598,61
naive_greedy,True,0.9997773183902784,15.926549385613047,1.490937661042172,0.40376919125529726,61
naive_topj,True,0.9866009986507192,5.4609056572061085,1.6477263374849487,0.4462300122134565,61
train_vault,False,,0.2955758534271899,1.6277710696416265,0.4408258141916902,61
verdict,False,,0.2955758534271899,1.6277710696416265,0.4408258141916902,61
naive_span,False,,15.926549385613047,1.490937661042172,0.40376919125529726,61
split_verdict,False,,3.945440669671631,1.263187195502588,0.34209081013864084,61
naive_signflip,True,0.9998990598637594,6.5576456042109035,0.0015566208681523815,0.0004215572290163162,62
naive_rankls,True,0.9999998820502786,7.888842219061795,-0.8412097332657306,-0.22781272654912232,62
naive_greedy,True,0.9999690237591427,14.539594705466449,-0.38670226515142414,-0.10472500959405678,62
naive_topj,True,0.968885636864116,5.14379309393526,1.4049993047679736,0.38049574292990734,62
train_vault,False,,-0.9556606984030144,-1.6674610798806984,-0.45157448850174986,62
verdict,False,,-0.9556606984030144,-1.6674610798806984,-0.45157448850174986,62
naive_span,False,,14.539594705466449,-0.38670226515142414,-0.10472500959405678,62
split_verdict,False,,3.5839923542075716,0.7106110753159537,0.19244457140939036,62
naive_signflip,True,0.9999999988798884,9.110656398616362,-0.17950131613902193,-0.04861175831862246,63
naive_rankls,True,0.9999999989693557,9.220960446255305,-0.27324525036289987,-0.07399907899318843,63
naive_greedy,True,0.9997094615867538,15.359335655849621,0.7539184629429587,0.20417288798119967,63
naive_topj,True,0.9895566600072411,5.646801937552935,0.06926833128726549,0.01875894534980969,63
train_vault,False,,0.44537608276317997,-0.7567909183577263,-0.20495079374482955,63
verdict,False,,0.44537608276317997,-0.7567909183577263,-0.20495079374482955,63
naive_span,False,,15.359335655849621,0.7539184629429587,0.20417288798119967,63
split_verdict,False,,4.270732574569035,0.260018225429571,0.07041699417529558,63
naive_signflip,True,0.9999978213985719,7.241863052538802,0.46442580877112455,0.12577375842429683,64
naive_rankls,True,0.9999999421153496,7.902000847431643,0.6420804643712971,0.17388541224373244,64
naive_greedy,True,0.9999769238236161,14.557325775457407,0.04946027617051509,0.013394614832301597,64
naive_topj,True,0.9698175194598879,5.140403879229608,0.34402640960776626,0.09316772176825597,64
train_vault,False,,-1.8820418816226752,0.39769611267437255,0.10770231511065502,64
verdict,False,,-1.8820418816226752,0.39769611267437255,0.10770231511065502,64
naive_span,False,,14.557325775457407,0.04946027617051509,0.013394614832301597,64
split_verdict,False,,2.4823223976083333,-0.053856018804428404,-0.014585050552478503,64
naive_signflip,True,0.9999999998906083,9.450865607119018,1.044604050098741,0.28289508241112593,65
naive_rankls,True,0.9999999999546741,9.667757258681618,0.9584602005905776,0.25956598331035186,65
naive_greedy,True,0.9999862019313286,15.921602608432456,-0.0881886848682714,-0.023882872434948188,65
naive_topj,True,0.9895308934897562,5.822507025914941,0.38951703049162173,0.10548729198498559,65
train_vault,False,,-1.1567121349088503,-0.6117946972698396,-0.1656835537699489,65
verdict,False,,-1.1567121349088503,-0.6117946972698396,-0.1656835537699489,65
naive_span,False,,15.921602608432456,-0.0881886848682714,-0.023882872434948188,65
split_verdict,False,,3.427983999320982,0.557889363659903,0.15108514799836417,65
naive_signflip,True,0.9999999735989833,8.609874534518022,-1.3755233689025854,-0.3725131993958325,66
naive_rankls,True,0.9999998723741963,8.369091466688737,-1.6905717082110072,-0.45783320739668204,66
naive_greedy,True,0.9999986651508334,14.357572348910987,-1.4114154864476711,-0.38223334508152756,66
naive_topj,True,0.9765484224588946,5.308055066818852,-0.3879588274856109,-0.10506530628834096,66
train_vault,False,,-1.3238401390016217,1.635026661427819,0.4427907417028389,66
verdict,False,,-1.3238401390016217,1.635026661427819,0.4427907417028389,66
naive_span,False,,14.357572348910987,-1.4114154864476711,-0.38223334508152756,66
split_verdict,False,,3.174334675463487,-0.7038178479489622,-0.19060485940019328,66
naive_signflip,True,0.9977502965403352,5.5743399732463645,-0.9908685680288079,-0.2683426750878551,67
naive_rankls,True,0.999996246973209,7.0566585294459765,-0.15237778146236908,-0.04126628174603264,67
naive_greedy,True,0.9996257634778639,14.83630440322526,0.3095441536157048,0.08382938859821541,67
naive_topj,True,0.956932969088867,4.7703891551725555,-1.8876142760391879,-0.5111954104811751,67
train_vault,False,,-0.9196579646788996,0.26037342218349985,0.07051318700066839,67
verdict,False,,-0.9196579646788996,0.26037342218349985,0.07051318700066839,67
naive_span,False,,14.83630440322526,0.3095441536157048,0.08382938859821541,67
split_verdict,False,,1.9872653832242826,0.04557820117383854,0.01234328832633297,67
naive_signflip,True,0.9999976281822179,7.204260664504585,0.16358417700260772,0.04430114858346049,68
naive_rankls,True,0.9999999999640048,9.255765007156166,0.6081360758937409,0.1646927419924101,68
naive_greedy,True,0.9999774725978421,14.278443097874243,0.1653501110740762,0.044779391095188706,68
naive_topj,True,0.9818337063781113,5.256520849241973,-0.061011006851387745,-0.016522733000678712,68
train_vault,False,,-1.6996196429177888,-0.342069391673995,-0.09263773076391137,68
verdict,False,,-1.6996196429177888,-0.342069391673995,-0.09263773076391137,68
naive_span,False,,14.278443097874243,0.1653501110740762,0.044779391095188706,68
split_verdict,False,,3.7915605845837796,0.9083642554215738,0.2459992193908467,68
naive_signflip,True,0.9999993931812465,7.623150517333989,0.3686309593516278,0.09983101790119785,69
naive_rankls,True,0.9999994541066396,7.639810076446453,0.3341968485785895,0.09050572320798683,69
naive_greedy,True,0.9999617976961565,14.271508514862676,-0.20723470675220992,-0.056122393398312376,69
naive_topj,True,0.9989241733231954,6.29595317010204,-0.7504388685102709,-0.20323055949444002,69
train_vault,False,,-0.35883798042433673,-0.5845849667694623,-0.15831473402282922,69
verdict,False,,-0.35883798042433673,-0.5845849667694623,-0.15831473402282922,69
naive_span,False,,14.271508514862676,-0.20723470675220992,-0.056122393398312376,69
split_verdict,False,,4.138216087929109,-0.71476733412994,-0.19357015117293186,69
naive_signflip,True,0.9999999993225779,9.421602744159935,-0.20056158415774672,-0.054315207636279596,70
naive_rankls,True,0.9999999999679385,9.763654000085417,0.02954743080758825,0.008001905480415862,70
naive_greedy,True,0.9998944134673486,15.281590381967908,-0.6903941640443418,-0.18696951626314579,70
naive_topj,True,0.973960848081395,5.279208217533565,-0.14690834522669716,-0.03978507303878461,70
train_vault,False,,1.0170150725377414,-1.2512075497311026,-0.3388465350686178,70
verdict,False,,1.0170150725377414,-1.2512075497311026,-0.3388465350686178,70
naive_span,False,,15.281590381967908,-0.6903941640443418,-0.18696951626314579,70
split_verdict,False,,4.5367514675534455,-0.9119060275754161,-0.24695838657505195,70
naive_signflip,True,0.999999421118737,7.873269480996995,0.5011519481983007,0.13571977025424464,71
naive_rankls,True,0.9999999927866822,8.537508800263204,0.06505494478249708,0.017617894515875327,71
naive_greedy,True,0.9999482417339578,13.808243978542315,0.7979550377857343,0.21609867983321587,71
naive_topj,True,0.9787733410489065,5.29933102644265,0.4758940018620999,0.12887952412496734,71
train_vault,False,,0.005417672389227335,0.5295575062545467,0.1434124387696464,71
verdict,False,,0.005417672389227335,0.5295575062545467,0.1434124387696464,71
naive_span,False,,13.808243978542315,0.7979550377857343,0.21609867983321587,71
split_verdict,False,,3.3894504605807776,-0.10166505332103565,-0.027532483370007334,71
naive_signflip,True,0.9999994344656384,8.040972234764332,0.3396856912010512,0.09199218746769962,72
naive_rankls,True,0.9999999983295169,8.848838430206946,0.2971532380194338,0.08047373523996446,72
naive_greedy,True,0.999999528426214,15.049052339584966,2.2474626011116756,0.6086479539279142,72
naive_topj,True,0.9684163905522833,5.052872176048572,0.9165257725194453,0.24820948561735034,72
train_vault,False,,0.33180700517794587,-0.8276425701868523,-0.22413852701206166,72
verdict,False,,0.33180700517794587,-0.8276425701868523,-0.22413852701206166,72
naive_span,False,,15.049052339584966,2.2474626011116756,0.6086479539279142,72
split_verdict,False,,3.256609055683544,0.5922610375509609,0.1603935338093325,72
naive_signflip,True,0.9999999999932361,9.632297828671373,-1.0040319707196155,-0.27190753000936807,73
naive_rankls,True,0.9999999999874775,9.66309155680639,-0.9504020529500393,-0.25738371114642944,73
naive_greedy,True,0.9970899689441153,13.446595018423215,-0.9858529891494244,-0.2669843780371319,73
naive_topj,True,0.9893454229759795,5.429238048007034,-1.215614785897329,-0.3292074590406785,73
train_vault,False,,0.3025038291170087,0.42328044486491756,0.1146309516239767,73
verdict,False,,0.3025038291170087,0.42328044486491756,0.1146309516239767,73
naive_span,False,,13.446595018423215,-0.9858529891494244,-0.2669843780371319,73
split_verdict,False,,3.4543203408405376,-0.9717575825696185,-0.26316712191445496,73
naive_signflip,True,0.9999899081220003,7.9313633635601075,0.43429783673208266,0.11761463331650195,74
naive_rankls,True,0.9999999997167458,9.831574373663212,-0.1465849746109633,-0.039697499228422,74
naive_greedy,True,0.9999031555461647,16.10738023273679,-1.822840353135833,-0.4936536210767549,74
naive_topj,True,0.9989214068522818,6.832476509039493,-0.5037063960098964,-0.13641155459502716,74
train_vault,True,,1.8862192898066763,1.1002229029019628,0.297957535927262,74
verdict,False,,1.8862192898066763,1.1002229029019628,0.297957535927262,74
naive_span,False,,16.10738023273679,-1.822840353135833,-0.4936536210767549,74
split_verdict,False,,4.837635417158122,-0.29501971653140296,-0.07989594431801146,74
naive_signflip,True,0.9999999999599612,9.492205691978688,0.9697731908478915,0.2626297176610435,75
naive_rankls,True,0.9999999999998463,10.349283649441354,0.8724629862788328,0.23627659530965564,75
naive_greedy,True,0.9997424117406403,16.143303215561644,0.11611923700304422,0.03144690193225669,75
naive_topj,True,0.9936340896941764,5.946281513513952,-1.7267321595880554,-0.46762602207260306,75
train_vault,False,,0.15052688904330197,-0.6757773390393741,-0.1830110518919053,75
verdict,False,,0.15052688904330197,-0.6757773390393741,-0.1830110518919053,75
naive_span,False,,16.143303215561644,0.11611923700304422,0.03144690193225669,75
split_verdict,False,,4.592749842482296,-0.46228963543340823,-0.12519524934005521,75
naive_signflip,True,0.9999972621658089,7.641120231731787,0.8599261783632505,0.23288143203404332,76
naive_rankls,True,0.9999999999975524,10.009886079887053,1.0080514050086922,0.272996055555815,76
naive_greedy,True,0.999986735765497,14.343177301442392,-0.06860970604368348,-0.01858057935310159,76
naive_topj,True,0.9883359032069088,5.51976774182828,0.09720105025732788,0.02632356165993761,76
train_vault,False,,-0.16611633923589228,-0.1733093674310757,-0.046934881955895034,76
verdict,False,,-0.16611633923589228,-0.1733093674310757,-0.046934881955895034,76
naive_span,False,,14.343177301442392,-0.06860970604368348,-0.01858057935310159,76
split_verdict,False,,4.2359415293275,-0.22697976865826566,-0.061469664371078016,76
naive_signflip,True,0.9999984744213319,7.50001044060659,-0.5071266283756234,-0.13733780690744743,77
naive_rankls,True,0.9999999200396742,7.91643618113099,0.2073362090985157,0.056149881818082885,77
naive_greedy,True,0.9998946908686673,13.462658801945732,-1.0238786520805598,-0.27728232111673645,77
naive_topj,True,0.9858851011305304,5.24649543195832,-0.8792958097057857,-0.23812703054996107,77
train_vault,False,,1.2438176325625947,0.5790741541664135,0.1568223199494352,77
verdict,False,,1.2438176325625947,0.5790741541664135,0.1568223199494352,77
naive_span,False,,13.462658801945732,-1.0238786520805598,-0.27728232111673645,77
split_verdict,False,,3.0041264104616565,-0.7397290518796359,-0.20033017397703262,77
naive_signflip,True,0.9999999999796398,9.881299829217543,0.04400573198665987,0.011917439125141555,78
naive_rankls,True,0.9999999999909732,10.082143058633312,-0.0029690527468625746,-0.00080406582898781,78
naive_greedy,True,0.9999998498710267,14.943044884992053,0.05253547341540322,0.01422742624820685,78
naive_topj,True,0.9905187016139179,5.645412919110672,-1.11695349034422,-0.3024884401610877,78
train_vault,False,,-0.048569092637897604,0.028065908945410327,0.007600686234467991,78
verdict,False,,-0.048569092637897604,0.028065908945410327,0.007600686234467991,78
naive_span,False,,14.943044884992053,0.05253547341540322,0.01422742624820685,78
split_verdict,False,,4.758244345503274,-0.4702580284381642,-0.1273532145475916,78
naive_signflip,True,0.9999999999963225,9.91848287415404,0.1151080481259382,0.031173056200282857,79
naive_rankls,True,0.9999999999991972,10.190745199213952,-0.056567179093294354,-0.015319275078293814,79
naive_greedy,True,0.9999757167359855,14.31232504676756,-0.5840303237098233,-0.1581645280246326,79
naive_topj,True,0.9747981518163735,5.047535483482997,-0.30011743975945815,-0.08127648734057916,79
train_vault,False,,0.8216680940236726,-0.39793816810756116,-0.10776786750030301,79
verdict,False,,0.8216680940236726,-0.39793816810756116,-0.10776786750030301,79
naive_span,False,,14.31232504676756,-0.5840303237098233,-0.1581645280246326,79
split_verdict,False,,3.9481313019529884,-1.083406753251969,-0.2934034601120063,79
naive_signflip,True,0.9999990753410873,7.526534783727882,-0.5261203903317231,-0.14248161412642213,80
naive_rankls,True,0.9999999763188421,8.143943767860119,-0.6134119356925666,-0.1661215271789478,80
naive_greedy,True,0.9996488178440187,13.507302672541636,-0.33564673535942047,-0.09089837518010124,80
naive_topj,True,0.9551979296025351,4.679128881646313,-0.1267469279413188,-0.03432504653023999,80
train_vault,False,,-0.04354871736489793,-1.1297533681341023,-0.3059548468650239,80
verdict,False,,-0.04354871736489793,-1.1297533681341023,-0.3059548468650239,80
naive_span,False,,13.507302672541636,-0.33564673535942047,-0.09089837518010124,80
split_verdict,False,,3.5447390831630083,-1.1039835081617062,-0.2989759665323992,80
naive_signflip,True,0.9999972526547947,7.642865261046548,-0.43301067039575836,-0.11726604858072874,81
naive_rankls,True,0.9999999993851695,9.117649740398578,-1.015965850248811,-0.2751394108665953,81
naive_greedy,True,0.9994472459531596,13.932207957368519,-1.5526377105233524,-0.42047852775566713,81
naive_topj,True,0.9725454867035446,5.277271956375695,-0.769794648305804,-0.20847240679521525,81
train_vault,False,,0.5402631656863806,0.08920698576037649,0.02415864421159807,81
verdict,False,,0.5402631656863806,0.08920698576037649,0.02415864421159807,81
naive_span,False,,13.932207957368519,-1.5526377105233524,-0.42047852775566713,81
split_verdict,False,,3.717908187296733,-0.9477051485507736,-0.2566533473380438,81
naive_signflip,True,0.9999999997569349,9.115575282089711,2.5443283425632384,0.6890438306096496,82
naive_rankls,True,0.9999999998646681,9.20620591240191,2.642415896296109,0.7156074712485532,82
naive_greedy,True,0.9999534040680823,14.74980126721423,0.5821330764164153,0.1576507238426823,82
naive_topj,True,0.9940501844815354,5.85149275449059,0.5027061361315377,0.13614066860650922,82
train_vault,False,,-0.4360161038560937,0.30225312037972835,0.08185486298924535,82
verdict,False,,-0.4360161038560937,0.30225312037972835,0.08185486298924535,82
naive_span,False,,14.74980126721423,0.5821330764164153,0.1576507238426823,82
split_verdict,False,,3.125072480916166,0.7629912526728735,0.20662994106088134,82
naive_signflip,True,0.9999688696922853,7.686879496149128,-0.8641660411047937,-0.23402965304617454,83
naive_rankls,True,0.9999999999999946,11.074774187185596,-0.22264865789869684,-0.060296731971338495,83
naive_greedy,True,0.9999983184498299,17.8773706939518,-0.7735252716514016,-0.20948271783000202,83
naive_topj,True,0.9730340948542748,5.834147425195603,-1.3110957047136518,-0.355065182256169,83
train_vault,False,,1.631176887079703,-1.2016735837202441,-0.3254319638772969,83
verdict,False,,1.631176887079703,-1.2016735837202441,-0.3254319638772969,83
naive_span,False,,17.8773706939518,-0.7735252716514016,-0.20948271783000202,83
split_verdict,True,,5.658424315582422,-2.145749088293826,-0.5811023469697458,83
naive_signflip,True,0.9999993015528388,7.910330820735656,0.08435787056592092,0.022845428125151838,84
naive_rankls,True,0.9999999769323555,8.545929714093765,0.23277629983975137,0.06303945549540886,84
naive_greedy,True,0.9999915214069921,14.270595298228518,-0.008409540309237388,-0.002277434783635503,84
naive_topj,True,0.9895691747355975,5.592508195970462,1.1396252932227944,0.30862831827388737,84
train_vault,False,,-0.34205610438695977,-1.1936213124195645,-0.32325128311793433,84
verdict,False,,-0.34205610438695977,-1.1936213124195645,-0.32325128311793433,84
naive_span,False,,14.270595298228518,-0.008409540309237388,-0.002277434783635503,84
split_verdict,False,,4.859344545571531,0.8044299189994193,0.21785217873490456,84
naive_signflip,True,0.9999999999874161,9.884342532279659,-0.13093210391405674,-0.03545845751175097,85
naive_rankls,True,0.9999999999944708,9.956479967243435,-0.10610173736231078,-0.0287340066623687,85
naive_greedy,True,0.9990429495985893,14.700525804472253,-1.4986126287557466,-0.40584769231378837,85
naive_topj,True,0.9793601052412266,5.245541183925251,-1.1762374931057826,-0.318543473496741,85
train_vault,False,,0.21988015320741683,0.4835110540999466,0.13094234076860548,85
verdict,False,,0.21988015320741683,0.4835110540999466,0.13094234076860548,85
naive_span,False,,14.700525804472253,-1.4986126287557466,-0.40584769231378837,85
split_verdict,False,,3.6360752058953523,-0.6341193451997152,-0.1717294169037598,85
naive_signflip,True,0.9999997992612478,7.83557050804914,0.1657415842982508,0.04488540815495806,86
naive_rankls,True,0.9999999998683768,8.557199251890992,0.22253102104229533,0.060264874074384,86
naive_greedy,True,0.9999995636679243,17.6072639097495,-0.7536091479016734,-0.2040891206397968,86
naive_topj,True,0.9927473845464623,5.936396199236443,-0.763354291385023,-0.20672825761094854,86
train_vault,False,,0.5388804135658118,0.8374732048119522,0.22680081631886498,86
verdict,False,,0.5388804135658118,0.8374732048119522,0.22680081631886498,86
naive_span,False,,17.6072639097495,-0.7536091479016734,-0.2040891206397968,86
split_verdict,True,,5.7127499685924406,0.0431640048548627,0.011689486278993839,86
naive_signflip,True,1.0,11.881479479154851,-0.25482127147293093,-0.06900957792249478,87
naive_rankls,True,1.0,11.556693216982435,-0.5736293695396463,-0.15534778728267545,87
naive_greedy,True,0.9980911538242818,15.073127706049435,-1.1322268178355657,-0.30662469565325046,87
naive_topj,True,0.9825643854533342,5.332466817165482,-0.3635865173235437,-0.09846490425926996,87
train_vault,False,,-1.1908305410825057,-0.03789900209888866,-0.010263641349132336,87
verdict,False,,-1.1908305410825057,-0.03789900209888866,-0.010263641349132336,87
naive_span,False,,15.073127706049435,-1.1322268178355657,-0.30662469565325046,87
split_verdict,False,,3.7362643941746283,-0.018000971204714906,-0.004874943986629931,87
naive_signflip,True,0.9999994810263795,7.778256228763011,0.585701343805296,0.15861706635011077,88
naive_rankls,True,0.9999999999999863,9.756514231149731,0.35281134843488937,0.09554682033028122,88
naive_greedy,True,0.9999999980675821,15.31229243337712,0.5723472354522906,0.15500056535847334,88
naive_topj,True,0.9979705765210627,6.3764627236072515,0.5233344165661957,0.1417271289433333,88
train_vault,False,,1.4125673113063688,0.4219282199017396,0.11426474799652528,88
verdict,False,,1.4125673113063688,0.4219282199017396,0.11426474799652528,88
naive_span,False,,15.31229243337712,0.5723472354522906,0.15500056535847334,88
split_verdict,False,,5.659772383182344,0.4177450614926631,0.11313188340274677,88
naive_signflip,True,0.9999999999995453,10.4774924418043,0.7769097620007566,0.21039929064647725,89
naive_rankls,True,0.9999999999993057,10.423724109960322,0.6711641730834567,0.18176173454228167,89
naive_greedy,True,0.9995537423406292,16.13046487312124,0.866494040138616,0.23466011152320604,89
naive_topj,True,0.9999298142380937,7.440787637379846,0.6923488063975984,0.18749886392320564,89
train_vault,False,,0.02247170958111076,1.5666514148849024,0.42427365764231756,89
verdict,False,,0.02247170958111076,1.5666514148849024,0.42427365764231756,89
naive_span,False,,16.13046487312124,0.866494040138616,0.23466011152320604,89
split_verdict,False,,4.763439213572512,0.12128684492910186,0.03284637082190179,89
naive_signflip,True,0.9999999988179296,9.199944641194234,-0.5365647204343695,-0.14531010174796438,90
naive_rankls,True,0.9999999999993014,10.377002246064015,-2.2319406974783713,-0.6044443801363841,90
naive_greedy,True,0.9997101633179235,15.543634074111216,-1.020207430541596,-0.2762880970184127,90
naive_topj,True,0.9948545644584295,5.837051654453692,-1.3431000708265894,-0.363732464168564,90
train_vault,False,,0.48125659459610576,-0.9638521658254398,-0.26102621166130463,90
verdict,False,,0.48125659459610576,-0.9638521658254398,-0.26102621166130463,90
naive_span,False,,15.543634074111216,-1.020207430541596,-0.2762880970184127,90
split_verdict,False,,4.5733802151111,-2.552560883630607,-0.6912733312357348,90
naive_signflip,True,0.9999999996636622,9.339392570763529,0.9537338227537476,0.2582860064162074,91
naive_rankls,True,0.9999999999989815,9.886758693768247,1.0251678935426851,0.277631467828968,91
naive_greedy,True,0.9999342970425397,14.563809834173549,1.3548069924562613,0.36690288128392323,91
naive_topj,True,0.9704317972172473,5.28040970465786,0.8164496431524214,0.2211073076562419,91
train_vault,False,,1.1938418407803972,0.8079116826252781,0.21879509467303468,91
verdict,False,,1.1938418407803972,0.8079116826252781,0.21879509467303468,91
naive_span,False,,14.563809834173549,1.3548069924562613,0.36690288128392323,91
split_verdict,False,,4.070502633141185,0.13202547950135576,0.035754560687730454,91
naive_signflip,True,0.9999999999998883,10.205069289222052,1.029544121544168,0.2788166186820711,92
naive_rankls,True,0.9999999999997995,10.188961720573499,1.1302469359508356,0.3060885127340936,92
naive_greedy,True,0.9999023325768653,15.95210029272682,0.7420886099248832,0.2009691791269753,92
naive_topj,True,0.9719225972544223,5.189732613365065,-1.3833258147948522,-0.37462622353497166,92
train_vault,False,,-0.03290813275665453,-1.5403257617145836,-0.41714425983609604,92
verdict,False,,-0.03290813275665453,-1.5403257617145836,-0.41714425983609604,92
naive_span,False,,15.95210029272682,0.7420886099248832,0.2009691791269753,92
split_verdict,False,,2.935016901073859,-2.020918285168761,-0.5472962169493096,92
naive_signflip,True,0.9999999999990862,10.261484400213316,0.48030078996907877,0.13007295113166362,93
naive_rankls,True,0.9999999999996595,10.250590599766001,0.8410030761708358,0.22775676058203115,93
naive_greedy,True,0.9980302059650582,15.672239114889196,-0.30559763382378247,-0.08276060943574953,93
naive_topj,True,0.9958889026794562,5.790413131193231,1.1886199163285964,0.32189682698769884,93
train_vault,False,,0.49856639334469904,-0.9237172260242082,-0.25015704348072776,93
verdict,False,,0.49856639334469904,-0.9237172260242082,-0.25015704348072776,93
naive_span,False,,15.672239114889196,-0.30559763382378247,-0.08276060943574953,93
split_verdict,False,,4.3055122260228185,-0.38665753175388734,-0.10471289509174224,93
naive_signflip,True,0.9999999653765684,8.321646112396277,0.06593336062161029,0.017855783236653,94
naive_rankls,True,0.9999999999999546,10.414601423452735,0.35872669301852766,0.09714878797852115,94
naive_greedy,True,0.9996774358358934,15.947744180040946,-0.5150094950378639,-0.13947261024641558,94
naive_topj,True,0.9541082829831545,5.058837155849763,0.1762515650562658,0.04773167499874155,94
train_vault,False,,-1.0955431618672107,-0.526916248603037,-0.14269714496916552,94
verdict,False,,-1.0955431618672107,-0.526916248603037,-0.14269714496916552,94
naive_span,False,,15.947744180040946,-0.5150094950378639,-0.13947261024641558,94
split_verdict,False,,2.8206007602210375,-0.10390390809754887,-0.028138800190671,94
naive_signflip,True,0.9999999982101282,8.541683150621163,-0.26124516676680665,-0.07074926904123936,95
naive_rankls,True,0.9999999981808114,8.542679554500259,-0.2975120172978624,-0.08057089826889285,95
naive_greedy,True,0.999920238890648,12.920683813352463,0.00979406198577811,0.002652384865197943,95
naive_topj,False,0.9021559031647026,4.218975035948752,-1.0126735015959314,-0.27424779145980244,95
train_vault,False,,-0.33094459537739873,0.4574007857986882,0.12387127254695451,95
verdict,False,,-0.33094459537739873,0.4574007857986882,0.12387127254695451,95
naive_span,False,,12.920683813352463,0.00979406198577811,0.002652384865197943,95
split_verdict,False,,2.6509809261396993,-0.16631893250984042,-0.04504176306271676,95
naive_signflip,True,0.9999999999988931,9.653893430731364,-0.2664230899575969,-0.07215153146558917,96
naive_rankls,True,0.9999999999999868,10.087540548572607,-0.14218959959359864,-0.03850716306454474,96
naive_greedy,True,0.9999843955072895,15.2283349968992,0.39114427441435334,0.1059279750395656,96
naive_topj,True,0.9936969051093387,5.5296715009460184,0.2436526723595859,0.06598494694744933,96
train_vault,False,,1.061560489432731,-0.5148288009351137,-0.139423675462864,96
verdict,False,,1.061560489432731,-0.5148288009351137,-0.139423675462864,96
naive_span,False,,15.2283349968992,0.39114427441435334,0.1059279750395656,96
split_verdict,False,,3.67371366258068,0.8441003247644145,0.22859554384737021,96
naive_signflip,True,0.9989266964276294,5.766398208312385,-0.9815435157303322,-0.2658173053669393,97
naive_rankls,True,0.9999999568663004,8.189907071996368,-0.855910829238971,-0.2317940128139904,97
naive_greedy,True,0.9997304418140219,13.669626477104067,-1.1489487934315592,-0.3111532676646822,97
naive_topj,True,0.9789473793460225,4.894915425575553,0.3355904338125195,0.090883127842367,97
train_vault,False,,0.3973221066801421,1.707025040750399,0.4622890266750286,97
verdict,False,,0.3973221066801421,1.707025040750399,0.4622890266750286,97
naive_span,False,,13.669626477104067,-1.1489487934315592,-0.3111532676646822,97
split_verdict,False,,3.822721506711612,0.7102183934161624,0.19233822702139736,97
naive_signflip,True,0.9999999592923114,8.732451815042486,-1.6799877621643051,-0.45496690959816816,98
naive_rankls,True,0.999999999999927,10.701660323950836,-0.8337234668311511,-0.22578532874249707,98
naive_greedy,True,0.999999872231434,16.650191966535775,0.17910057682791364,0.04850323185787339,98
naive_topj,True,0.9982107300789074,6.690999482032083,-2.7220113356309223,-0.7371631586576183,98
train_vault,False,,0.29942990463936214,-1.734648732399162,-0.469769953562817,98
verdict,False,,0.29942990463936214,-1.734648732399162,-0.469769953562817,98
naive_span,False,,16.650191966535775,0.17910057682791364,0.04850323185787339,98
split_verdict,False,,5.2822823813789395,-1.456776827485279,-0.3945179042979123,98
naive_signflip,True,0.9999999867671214,8.101171461356346,-0.40616545805430737,-0.10999594604095676,99
naive_rankls,True,0.9999999988477676,8.681177823031046,-0.38230534053555737,-0.10353425377471685,99
naive_greedy,True,0.997987040213482,12.775487167792772,0.05138275840344722,0.01391525302977733,99
naive_topj,True,0.969383455564828,4.592810367196176,-0.24637909361235372,-0.06672330438050379,99
train_vault,False,,-0.06181248981989561,0.5900484968081657,0.159794343239746,99
verdict,False,,-0.06181248981989561,0.5900484968081657,0.159794343239746,99
naive_span,False,,12.775487167792772,0.05138275840344722,0.01391525302977733,99
split_verdict,False,,2.5524078074717758,0.11925371446799203,0.03229576735708288,99
naive_signflip,True,0.9999999999767707,9.5686159867026,0.75549038547942,0.20459858914084394,100
naive_rankls,True,0.9999999999992025,9.989849434331903,1.072509416930363,0.2904522913352137,100
naive_greedy,True,0.9997229087709177,17.09556477843351,-0.31527026420976917,-0.08538010872824932,100
naive_topj,True,0.9890658591722168,5.872502481921341,0.3410060567731619,0.092349763074744,100
train_vault,False,,-0.1961190742429718,0.4004306958803986,0.10844288292805501,100
verdict,False,,-0.1961190742429718,0.4004306958803986,0.10844288292805501,100
naive_span,False,,17.09556477843351,-0.31527026420976917,-0.08538010872824932,100
split_verdict,False,,4.376633441071685,0.20448744533000224,0.05537839212207102,100
naive_signflip,True,0.9999902765683522,7.236193431124341,0.043404321922994794,0.011754567892249695,101
naive_rankls,True,0.9999999999818452,9.363799789690997,0.3960418251098407,0.10725430821574042,101
naive_greedy,True,0.9997910394017332,14.4928785693059,0.044832641490709396,0.012141379126400906,101
naive_topj,False,0.9494404233732479,4.811386559675864,0.7122610585991618,0.19289141263773524,101
train_vault,False,,1.1272742733174304,0.14292393598197872,0.03870603282106985,101
verdict,False,,1.1272742733174304,0.14292393598197872,0.03870603282106985,101
naive_span,False,,14.4928785693059,0.044832641490709396,0.012141379126400906,101
split_verdict,False,,3.3827655034663286,0.07065317741312872,0.019133983297313126,101
naive_signflip,True,0.9918430124903098,4.857136820047965,0.9661555166403369,0.26164999501590724,102
naive_rankls,True,0.9999999088288442,7.523563055232584,0.5493810616279674,0.14878096699861054,102
naive_greedy,True,0.9999984008782897,12.951364933889561,0.4713632766613802,0.12765253301870214,102
naive_topj,False,0.886370048338424,4.047702754808928,-0.5504417195291437,-0.14906820971448448,102
train_vault,False,,-2.0106477797105167,-0.3156153512606965,-0.08547356368824288,102
verdict,False,,-2.0106477797105167,-0.3156153512606965,-0.08547356368824288,102
naive_span,False,,12.951364933889561,0.4713632766613802,0.12765253301870214,102
split_verdict,False,,1.8119902419057137,0.8489719439951044,0.22991485437810322,102
naive_signflip,True,0.9999999999999358,10.15144250370112,0.07877146789299692,0.02133254308091983,103
naive_rankls,True,0.9999999999999465,10.160166982918732,0.06834751042204114,0.018509572686044022,103
naive_greedy,True,0.99890695046831,13.818782872682231,-1.0911833092834526,-0.2955094728727201,103
naive_topj,True,0.9804691653959826,5.185957597491217,0.004766207263510881,0.0012907633246031992,103
train_vault,False,,0.15774890527312666,-0.46763727974211194,-0.12664347489238112,103
verdict,False,,0.15774890527312666,-0.46763727974211194,-0.12664347489238112,103
naive_span,False,,13.818782872682231,-1.0911833092834526,-0.2955094728727201,103
split_verdict,False,,3.7005564452888478,0.2787519465189978,0.07549037826849289,103
naive_signflip,True,0.9999999946864693,8.780063829013834,0.0015257399562966284,0.0004131941960532158,104
naive_rankls,True,0.9999999998881585,9.520372525040985,-0.24401279546057758,-0.06608247390450407,104
naive_greedy,True,0.9999979266383623,14.292627738004319,0.3240292581553255,0.08775218101136223,104
naive_topj,True,0.9829497704536274,5.3468377280439014,-0.42826165593559323,-0.11597994133564095,104
train_vault,False,,0.4362234052365194,-0.7362057120441525,-0.19937599855235638,104
verdict,False,,0.4362234052365194,-0.7362057120441525,-0.19937599855235638,104
naive_span,False,,14.292627738004319,0.3240292581553255,0.08775218101136223,104
split_verdict,False,,4.322275692938761,-0.2886260372320752,-0.07816443616224406,104
naive_signflip,True,0.9999503918294781,6.787129618703769,1.785559120264686,0.48355728127750325,105
naive_rankls,True,0.9999999999988733,9.682382050723776,1.1137543634324683,0.3016220666569278,105
naive_greedy,True,0.9994424642982337,15.423000657828347,-0.23856679006923226,-0.06460761063564116,105
naive_topj,True,0.9981634983782078,6.232384583221217,0.29935823681313206,0.08107088333201018,105
train_vault,False,,-0.09974156423440175,0.7505856845542443,0.20327031957085867,105
verdict,False,,-0.09974156423440175,0.7505856845542443,0.20327031957085867,105
naive_span,False,,15.423000657828347,-0.23856679006923226,-0.06460761063564116,105
split_verdict,False,,2.7508900217640644,0.035506537754616034,0.009615724659765958,105
naive_signflip,True,0.9999999995141032,8.861567026558575,0.20001445755324507,0.05416703721146152,106
naive_rankls,True,0.9999999999999938,10.143903711416039,-0.19338457340947104,-0.05237156109680173,106
naive_greedy,True,0.9999936220846389,15.733597755015584,0.5559359017201673,0.1505561200127113,106
naive_topj,True,0.9899996267963492,5.654622299147053,-0.8881441655066916,-0.24052330341838776,106
train_vault,False,,-0.8652975871435865,-0.4695454840330433,-0.12716024640029291,106
verdict,False,,-0.8652975871435865,-0.4695454840330433,-0.12716024640029291,106
naive_span,False,,15.733597755015584,0.5559359017201673,0.1505561200127113,106
split_verdict,False,,4.117436257070374,-1.904309940936258,-0.5157168571446442,106
naive_signflip,True,0.9999987483860616,7.670637640363454,0.004983996060737532,0.0013497439304450297,107
naive_rankls,True,0.9999999995444933,9.085073214505972,0.21273824660145454,0.05761283789645289,107
naive_greedy,True,0.9999243698815471,15.072848708237,1.2415753214779253,0.33623797730433597,107
naive_topj,True,0.9996288929311059,6.896807403318021,0.5115228107086519,0.13852836170500818,107
train_vault,False,,-0.8046186198008571,-0.9176818622707574,-0.24852257276787518,107
verdict,False,,-0.8046186198008571,-0.9176818622707574,-0.24852257276787518,107
naive_span,False,,15.072848708237,1.2415753214779253,0.33623797730433597,107
split_verdict,False,,3.3808571040908837,-0.09745224887357821,-0.026391590166278345,107
naive_signflip,True,0.9999999999745801,9.632989478171142,-0.11444920317195396,-0.030994630702568284,108
naive_rankls,True,0.9999999999671965,9.582159672084279,-0.22033909389296372,-0.05967126598767331,108
naive_greedy,True,0.9999297149304008,15.960983758577957,0.1622683557326217,0.04394480364436531,108
naive_topj,True,0.9855115400125154,5.579394516491614,0.11008372413828303,0.029812390837733713,108
train_vault,False,,-1.377618943093149,-1.1082776274417472,-0.30013888106206765,108
verdict,False,,-1.377618943093149,-1.1082776274417472,-0.30013888106206765,108
naive_span,False,,15.960983758577957,0.1622683557326217,0.04394480364436531,108
split_verdict,False,,3.736541013225504,-0.5141195284187062,-0.1392315933941011,108
naive_signflip,True,0.9999997335229952,7.998880619156482,0.5022878343761974,0.13602738596172287,109
naive_rankls,True,0.9999999999998237,10.314104562429733,0.6299867309867937,0.17061024046726472,109
naive_greedy,True,0.9999012529952526,16.427472535431207,0.15262347614638186,0.04133281970161036,109
naive_topj,False,0.9064809887808032,4.594632532206371,-0.003677602556524771,-0.000995952177483039,109
train_vault,False,,-1.8327925351598877,0.38632173236248385,0.10462195537492253,109
verdict,False,,-1.8327925351598877,0.38632173236248385,0.10462195537492253,109
naive_span,False,,16.427472535431207,0.15262347614638186,0.04133281970161036,109
split_verdict,False,,3.156656441944004,-0.23143151693898817,-0.0626752672946255,109
naive_signflip,True,0.9999994059564749,7.554751066644302,0.42565948429839046,0.11527523263794368,110
naive_rankls,True,0.9999999999365268,9.303497168005112,-0.533065026883698,-0.14436233010631955,110
naive_greedy,True,0.9999986482395956,14.585070836361574,-0.8826150678659287,-0.23902593747136225,110
naive_topj,False,0.9265235184064547,4.459859974853634,0.4552376595205596,0.12328546418572998,110
train_vault,False,,-2.35523094760445,-0.805984715356281,-0.21827324185778382,110
verdict,False,,-2.35523094760445,-0.805984715356281,-0.21827324185778382,110
naive_span,False,,14.585070836361574,-0.8826150678659287,-0.23902593747136225,110
split_verdict,False,,2.2453850346498685,0.13650342874628077,0.036967259241365354,110
naive_signflip,True,0.9999999999999133,10.638380528073375,-0.2639254635898424,-0.07147513525874763,111
naive_rankls,True,0.9999999999998439,10.56801260789605,-0.4989930109932174,-0.13513509635938972,111
naive_greedy,True,0.9999961867726838,15.815913103580062,0.6538712650402488,0.1770785451122303,111
naive_topj,True,0.9592442652527086,4.8635411126789645,-0.9945247411296032,-0.26933282383422563,111
train_vault,False,,-0.8316288440086346,0.25103395138853885,0.06798391252584028,111
verdict,False,,-0.8316288440086346,0.25103395138853885,0.06798391252584028,111
naive_span,False,,15.815913103580062,0.6538712650402488,0.1770785451122303,111
split_verdict,False,,3.4008912936965188,-1.3935370271600787,-0.37739157923439215,111
naive_signflip,True,0.9999999732591874,8.159236665012367,-0.8952972560786217,-0.2424604720007316,112
naive_rankls,True,0.9999999744917816,8.406460039756547,-1.1209653243470936,-0.303574907431395,112
naive_greedy,True,0.9983848723832855,14.619135009249272,-1.1177800503516475,-0.3027122855132064,112
naive_topj,True,0.9953654906995171,5.960801923242148,0.08927282816810617,0.024176475363371863,112
train_vault,False,,-0.9555905778931365,0.7475584040664084,0.20245048476071506,112
verdict,False,,-0.9555905778931365,0.7475584040664084,0.20245048476071506,112
naive_span,False,,14.619135009249272,-1.1177800503516475,-0.3027122855132064,112
split_verdict,False,,3.773845149374888,-0.3498408207356167,-0.09474235506115763,112
naive_signflip,True,0.9999988516803612,7.570995379120748,-0.8688950565584247,-0.23531034424812036,113
naive_rankls,True,0.9999999862253144,8.200661912119324,-1.4785700265216781,-0.40041984277577036,113
naive_greedy,True,0.9999989454200774,15.098095466766615,0.6439476814066212,0.17439108376303922,113
naive_topj,True,0.9757030876425912,5.297872762811885,1.0364971064382629,0.28069959552332713,113
train_vault,False,,0.1704375238182861,2.5662099048224616,0.6949696992275455,113
verdict,False,,0.1704375238182861,2.5662099048224616,0.6949696992275455,113
naive_span,False,,15.098095466766615,0.6439476814066212,0.17439108376303922,113
split_verdict,False,,3.794851654525915,-0.39264077059546904,-0.10633324956482197,113
naive_signflip,True,0.999999888800779,7.848276257060512,-0.906498641500895,-0.2454939820200095,114
naive_rankls,True,0.9999999999524883,9.101904509447373,-1.2237178637302841,-0.3314018990020408,114
naive_greedy,True,0.9999946255531439,13.571208363755563,-1.3142207560194081,-0.3559114949299495,114
naive_topj,False,0.943385639518903,4.534600791285303,0.1924111286216301,0.05210793705336353,114
train_vault,False,,-1.5856453548844447,0.3446312840586619,0.09333153121128687,114
verdict,False,,-1.5856453548844447,0.3446312840586619,0.09333153121128687,114
naive_span,False,,13.571208363755563,-1.3142207560194081,-0.3559114949299495,114
split_verdict,False,,2.6236084670363073,1.2993113913527372,0.35187380625195064,114
naive_signflip,True,0.9999999870268281,8.347281898599608,-1.2906044407526902,-0.34951582811916715,115
naive_rankls,True,0.9999999356901141,7.992624115895662,-1.5262075484193658,-0.41332082729888636,115
naive_greedy,True,0.9996596437713375,14.367255168636335,-1.7584168747968445,-0.4762067375305952,115
naive_topj,True,0.9982676645260682,6.093405920933735,0.7737656886271581,0.20954782649980208,115
train_vault,False,,0.5921745375367128,0.44712871466072546,0.12108943534190804,115
verdict,False,,0.5921745375367128,0.44712871466072546,0.12108943534190804,115
naive_span,False,,14.367255168636335,-1.7584168747968445,-0.4762067375305952,115
split_verdict,False,,3.725759476366117,0.9431521941334088,0.2554203362129263,115
naive_signflip,True,0.9992694938369019,6.0989201179863315,-0.8108419561371734,-0.21958865847987266,116
naive_rankls,True,0.9999999960395541,8.702618866692198,-0.7641431543277067,-0.206941894009506,116
naive_greedy,True,0.9985191020697144,14.271917490081611,0.2738648819544158,0.07416688490024945,116
naive_topj,True,0.9943822694904257,5.67338165315024,-0.6945051104508114,-0.18808282471943216,116
train_vault,False,,-0.09744545500135994,0.5600518961098205,0.1516707955416398,116
verdict,False,,-0.09744545500135994,0.5600518961098205,0.1516707955416398,116
naive_span,False,,14.271917490081611,0.2738648819544158,0.07416688490024945,116
split_verdict,False,,3.8356864319660673,-0.31406684268377033,-0.08505420339431864,116
naive_signflip,True,0.9999999985063225,8.603931967062817,0.41195058216677644,0.1115626479529404,117
naive_rankls,True,0.9999999999897513,9.336324900661726,0.4948300370791466,0.13400769804192664,117
naive_greedy,True,0.9999997964809023,14.596170412287842,0.12182290880331767,0.03299154528667586,117
naive_topj,True,0.9825802095618101,5.245868895284084,0.013211195269598124,0.0035777978978629877,117
train_vault,False,,0.8202803848242034,-0.19396603353058198,-0.052529029573843256,117
verdict,False,,0.8202803848242034,-0.19396603353058198,-0.052529029573843256,117
naive_span,False,,14.596170412287842,0.12182290880331767,0.03299154528667586,117
split_verdict,False,,2.552128847614531,-0.4865408012777794,-0.13176284359690377,117
naive_signflip,True,0.9999933532530577,6.862058524110283,-0.9306616781012697,-0.25203770950193904,118
naive_rankls,True,0.9999999978546069,8.316456719442323,-1.2713475269007268,-0.3443007552591488,118
naive_greedy,True,0.9998794019288998,13.93431484591974,0.5796128224591575,0.1569681997314001,118
naive_topj,True,0.9900932556741533,5.317972694684995,-0.09738901061569363,-0.02637446425893182,118
train_vault,False,,-0.7266338175041995,0.3000445788417762,0.08125675546675555,118
verdict,False,,-0.7266338175041995,0.3000445788417762,0.08125675546675555,118
naive_span,False,,13.93431484591974,0.5796128224591575,0.1569681997314001,118
split_verdict,False,,3.7977990877044645,-0.2947687168718393,-0.07982796969224706,118
naive_signflip,True,0.9999999999988507,9.573405027284107,-0.5756054673335003,-0.15588294541095565,119
naive_rankls,True,0.9999999998837157,9.051504926971903,0.10509476020717526,0.028461301530446938,119
naive_greedy,True,0.9981568758649769,13.017485360369266,-0.4856020713756444,-0.13150862088639337,119
naive_topj,True,0.9742437017630327,4.724799899430825,0.09739921233535914,0.026377227043859985,119
train_vault,False,,-0.33087403720178393,-0.3764039262747782,-0.10193605867535119,119
verdict,False,,-0.33087403720178393,-0.3764039262747782,-0.10193605867535119,119
naive_span,False,,13.017485360369266,-0.4856020713756444,-0.13150862088639337,119
split_verdict,False,,2.700632334055071,-0.4747930555822791,-0.12858137068727896,119
naive_signflip,True,0.9999999999440835,9.005897821477486,1.9164708326972193,0.5190102164577587,120
naive_rankls,True,0.9999999999765558,9.545202607532477,2.24468122157721,0.60789471293431,120
naive_greedy,True,0.9999997774647554,15.842765653564316,1.3108872850317024,0.35500873895299057,120
naive_topj,True,0.9931478744829669,6.238142504579265,0.42954147805270165,0.11632653714221163,120
train_vault,False,,-0.1968782555979252,0.5551321671564181,0.15033845614703226,120
verdict,False,,-0.1968782555979252,0.5551321671564181,0.15033845614703226,120
naive_span,False,,15.842765653564316,1.3108872850317024,0.35500873895299057,120
split_verdict,False,,4.231744128134707,1.8297193546560682,0.4955165620655337,120
naive_signflip,True,0.9999998970711041,7.885787937661301,0.9598715559196171,0.2599482003638683,121
naive_rankls,True,0.9999999919530221,8.304288694794167,0.8517850561142312,0.23067668905096025,121
naive_greedy,True,0.9999461839236315,13.412259746340442,-1.7770982992329323,-0.48126595887374884,121
naive_topj,False,0.8873884136740924,4.115724939693406,0.9131582103927625,0.24729749722781416,121
train_vault,False,,0.3325470812759079,0.898050845351264,0.24320618695764462,121
verdict,False,,0.3325470812759079,0.898050845351264,0.24320618695764462,121
naive_span,False,,13.412259746340442,-1.7770982992329323,-0.48126595887374884,121
split_verdict,False,,3.1175913629231484,0.6740909392306746,0.1825543485000172,121
naive_signflip,True,0.9999999999995616,9.376313039117488,-0.12656666686491805,-0.03427622901698308,122
naive_rankls,True,0.9999999999999846,10.427066180172373,1.3621120509777913,0.3688812051591475,122
naive_greedy,True,0.99938819107619,15.176917394520878,-0.09128829915456303,-0.02472229636680092,122
naive_topj,True,0.951971394686159,4.8316875013430565,0.03584189514478739,0.009706544675752625,122
train_vault,False,,-1.6562218605463135,-0.5358316714727228,-0.14511158064669463,122
verdict,False,,-1.6562218605463135,-0.5358316714727228,-0.14511158064669463,122
naive_span,False,,15.176917394520878,-0.09128829915456303,-0.02472229636680092,122
split_verdict,False,,3.7019627856415456,0.41932255357024417,0.11355909288106347,122
naive_signflip,True,0.9999999999999518,10.135765942446124,0.3734777333487214,0.10114359995485377,123
naive_rankls,True,0.9999999999999835,10.365682481151959,0.21022732380312428,0.0569328408086621,123
naive_greedy,True,0.9999171106007014,13.90278569299144,-0.039483272501005744,-0.010692686503538978,123
naive_topj,False,0.9407250872550441,4.49431221776807,-1.4930045075807283,-0.40432892556017647,123
train_vault,False,,-0.18747283864524408,-1.603631031093877,-0.43428831494139736,123
verdict,False,,-0.18747283864524408,-1.603631031093877,-0.43428831494139736,123
naive_span,False,,13.90278569299144,-0.039483272501005744,-0.010692686503538978,123
split_verdict,False,,2.7968257526417863,-0.6780456469417813,-0.18362534507880673,123
naive_signflip,True,0.9999799686077665,7.226133867051994,2.1572163253109315,0.5842078537506886,124
naive_rankls,True,0.9999946791844097,7.428451864531782,2.2905662030634932,0.62032108215791,124
naive_greedy,True,0.9998156371479726,14.584264608929214,1.555285542546695,0.4211956019986623,124
naive_topj,True,0.9934162433136902,5.859043255025245,0.4208722421313288,0.11397877273311666,124
train_vault,False,,0.7608948387665235,-0.6621521454395383,-0.17932113678394765,124
verdict,False,,0.7608948387665235,-0.6621521454395383,-0.17932113678394765,124
naive_span,False,,14.584264608929214,1.555285542546695,0.4211956019986623,124
split_verdict,False,,2.8967997400554273,-0.13816284965150225,-0.03741665632506707,124
naive_signflip,True,0.9999997538751858,8.573513006586174,1.4966759392329738,0.40532320656045656,125
naive_rankls,True,0.9999999999998549,10.420741128590329,0.7991597001414834,0.21642492120321152,125
naive_greedy,True,0.999995630023976,15.216517939620555,-0.30948738497461703,-0.08381401476408432,125
naive_topj,True,0.9997535184321831,7.2557614608331695,-0.10888059647375296,-0.029486565086075785,125
train_vault,True,,1.6954815387593518,0.48447806685552974,0.1312042229173081,125
verdict,False,,1.6954815387593518,0.48447806685552974,0.1312042229173081,125
naive_span,False,,15.216517939620555,-0.30948738497461703,-0.08381401476408432,125
split_verdict,False,,4.132014143918999,0.8169748317515503,0.22124953692676586,125
naive_signflip,True,0.9999286192779271,7.5615231650974835,0.16832604609430837,0.04558532075123317,126
naive_rankls,True,0.9999999996480394,9.905706952801202,0.26909682365767534,0.07287562028695417,126
naive_greedy,True,0.9999964676478008,16.20656725249813,-0.17126909432244672,-0.04638234415063548,126
naive_topj,True,0.9966991818970163,6.4122895671708395,1.374178864377571,0.37214908658354723,126
train_vault,False,,0.8027972821247653,-0.29697038161044687,-0.08042421487013163,126
verdict,False,,0.8027972821247653,-0.29697038161044687,-0.08042421487013163,126
naive_span,False,,16.20656725249813,-0.17126909432244672,-0.04638234415063548,126
split_verdict,False,,4.498735100023547,0.8650854735369736,0.23427864970059917,126
naive_signflip,True,0.9999999996491116,8.81495711380765,1.1012605136430902,0.2982385371124423,127
naive_rankls,True,0.9999999999998322,10.124045618116355,0.5504637721996097,0.1490741819218757,127
naive_greedy,True,0.9979527975739853,15.167161236016305,0.2773135067222529,0.07510082631834956,127
naive_topj,True,0.9929072819080255,5.627076199634927,-0.5372493455528664,-0.14549550891664192,127
train_vault,False,,0.6270674533516633,-1.905753422991214,-0.5161077746170177,127
verdict,False,,0.6270674533516633,-1.905753422991214,-0.5161077746170177,127
naive_span,False,,15.167161236016305,0.2773135067222529,0.07510082631834956,127
split_verdict,False,,4.358138417848141,-0.2820886242322492,-0.07639400267678462,127
naive_signflip,True,0.9999999999975134,9.51235093251216,0.9187883963278334,0.24882223946286608,128
naive_rankls,True,0.9999999999885545,9.331206559074236,1.3794261669561076,0.37357013802906947,128
naive_greedy,True,0.9999986078872198,14.697034207255177,0.6365257138045675,0.17238109908392832,128
naive_topj,True,0.964191359140895,4.879562633957902,1.6463445147670417,0.4458557930520212,128
train_vault,False,,0.785724440238035,0.6484921090006958,0.17562178569131112,128
verdict,False,,0.785724440238035,0.6484921090006958,0.17562178569131112,128
naive_span,False,,14.697034207255177,0.6365257138045675,0.17238109908392832,128
split_verdict,False,,3.673768045333307,0.5318335637545245,0.14402883066853653,128
naive_signflip,True,0.9999999996853736,8.99569891827655,1.410780985976195,0.382061512449679,129
naive_rankls,True,0.9999999999621588,9.251781617883923,1.411287327694696,0.3821986376907404,129
naive_greedy,True,0.9997827082730543,13.398457063871254,0.9281034626882124,0.25134490483587074,129
naive_topj,True,0.9919151349766606,5.484455868142286,0.23178939454130787,0.06277218613558896,129
train_vault,False,,0.8061471804299702,0.6013579966978392,0.16285713234439803,129
verdict,False,,0.8061471804299702,0.6013579966978392,0.16285713234439803,129
naive_span,False,,13.398457063871254,0.9281034626882124,0.25134490483587074,129
split_verdict,False,,4.9171473262089025,0.20209125972173125,0.054729467656327184,129
naive_signflip,True,0.999999999202203,8.845568834942506,-1.3281314402044022,-0.35967872534470524,130
naive_rankls,True,0.999999999996169,9.740346318571568,-1.2665123253424009,-0.34299130720255006,130
naive_greedy,True,0.9999841727407689,13.695733546480511,-2.108525083396643,-0.571021505399138,130
naive_topj,True,0.9817608280239762,5.020351847585537,0.16198303646866463,0.04386753473402269,130
train_vault,False,,1.3613822284964139,-0.5539854921617233,-0.15002791865955814,130
verdict,False,,1.3613822284964139,-0.5539854921617233,-0.15002791865955814,130
naive_span,False,,13.695733546480511,-2.108525083396643,-0.571021505399138,130
split_verdict,False,,3.4098837506554256,-0.5982379108008138,-0.16201216438080895,130
naive_signflip,True,0.9995544214239962,6.08144172494835,1.6821621134193971,0.45555575785836955,131
naive_rankls,True,0.999933615043293,6.644097605505458,1.1356187749049547,0.30754329057406193,131
naive_greedy,True,0.9976813297817485,13.0029781079083,0.6470261385403092,0.17522477800771644,131
naive_topj,False,0.8958855502507155,4.430686888142181,0.8601486631429954,0.23294168438525262,131
train_vault,False,,-0.32517908086760305,-1.1314917026334834,-0.306425614981818,131
verdict,False,,-0.32517908086760305,-1.1314917026334834,-0.306425614981818,131
naive_span,False,,13.0029781079083,0.6470261385403092,0.17522477800771644,131
split_verdict,False,,2.6645627423931453,0.6550070009336946,0.17738612012033336,131
naive_signflip,True,0.9999995263703608,7.780482281937582,-0.5727743737683437,-0.15511624108183414,132
naive_rankls,True,0.9999999916542993,8.550510147945364,-0.6387803705218614,-0.17299169531681424,132
naive_greedy,True,0.9998295936417018,14.937007692923155,-0.5456664624853605,-0.1477749955681219,132
naive_topj,True,0.9952828803529765,5.786879597561863,-2.024862932871405,-0.5483644891207767,132
train_vault,False,,0.6381307703968514,-0.7005698634434829,-0.18972525449701416,132
verdict,False,,0.6381307703968514,-0.7005698634434829,-0.18972525449701416,132
naive_span,False,,14.937007692923155,-0.5456664624853605,-0.1477749955681219,132
split_verdict,False,,4.561887910576274,-2.6269602916924453,-0.7114218522691381,132
naive_signflip,True,0.9999922669766916,7.116645068806526,1.0721054423052285,0.29034288870092506,133
naive_rankls,True,0.9999963211343588,7.147558560924657,1.0183472674336216,0.27578433581273987,133
naive_greedy,True,0.9968507803508165,13.64358540599203,1.8823383045693272,0.5097665950523781,133
naive_topj,True,0.987982970390823,5.70224197557716,0.5122077230052205,0.13871384664599024,133
train_vault,False,,1.364650004218528,0.38826295455546445,0.10514766864609895,133
verdict,False,,1.364650004218528,0.38826295455546445,0.10514766864609895,133
naive_span,False,,13.64358540599203,1.8823383045693272,0.5097665950523781,133
split_verdict,False,,4.098991379777894,0.7889594787109383,0.21366254202046472,133
naive_signflip,True,0.9999999982837086,8.550087782667417,-0.8592570923686409,-0.23270023310267088,134
naive_rankls,True,0.9999999997094909,8.997175941570267,-0.9731605441840634,-0.26354706581903825,134
naive_greedy,True,0.9998883838673397,14.272117166958688,-0.4211724059012309,-0.11406006176738306,134
naive_topj,True,0.9655896686310486,4.852866115528319,-1.8815084624515,-0.5095418608535314,134
train_vault,False,,-1.9438905288337416,-0.5390096330395204,-0.1459722222450626,134
verdict,False,,-1.9438905288337416,-0.5390096330395204,-0.1459722222450626,134
naive_span,False,,14.272117166958688,-0.4211724059012309,-0.11406006176738306,134
split_verdict,False,,3.53767004930551,-0.43721583745673354,-0.1184048734609833,134
naive_signflip,True,0.9999993666673705,7.672690918871323,1.5181773438412496,0.4111461225524424,135
naive_rankls,True,0.9999998882227786,8.19730720852506,1.233394532476359,0.3340224919454889,135
naive_greedy,True,0.9999965707747659,14.605632262395089,1.7245680158994576,0.46703993818074235,135
naive_topj,True,0.9794766469337267,5.379599421281608,1.6709177677177918,0.45251061352486427,135
train_vault,False,,0.4021659931274094,-0.9730453543107577,-0.263515870603302,135
verdict,False,,0.4021659931274094,-0.9730453543107577,-0.263515870603302,135
naive_span,False,,14.605632262395089,1.7245680158994576,0.46703993818074235,135
split_verdict,False,,3.1154774966006316,-0.22887268451419118,-0.061982295532146896,135
naive_signflip,True,0.9999988425628715,7.939068931640924,0.8930156102780984,0.24184256670282372,136
naive_rankls,True,0.9999999994000173,9.107224344810524,-0.22099047381581102,-0.05984766983843134,136
naive_greedy,True,0.9997801162492993,14.537834427628692,0.2921707398686528,0.07912439696691713,136
naive_topj,False,0.945873870069187,4.755032294103291,0.7250799553076857,0.19636296996171343,136
train_vault,False,,-0.13740331325015928,-0.39610372525260107,-0.10727107174062414,136
verdict,False,,-0.13740331325015928,-0.39610372525260107,-0.10727107174062414,136
naive_span,False,,14.537834427628692,0.2921707398686528,0.07912439696691713,136
split_verdict,False,,3.629989117904643,0.9380986292306059,0.254051751954122,136
naive_signflip,True,0.9999999999983997,9.640846191414694,-0.1177787215687696,-0.03189631625621656,137
naive_rankls,True,0.9999999999998576,10.42853411701436,-0.5382610111635292,-0.14576948375550444,137
naive_greedy,True,0.9949584012192547,14.114935054264485,-0.6164686910938836,-0.1669493442557478,137
naive_topj,True,0.9605790968680605,5.051788306296947,0.3543305507365492,0.09595824402740992,137
train_vault,False,,-1.4853869205831918,-1.4670171178835265,-0.3972911347825655,137
verdict,False,,-1.4853869205831918,-1.4670171178835265,-0.3972911347825655,137
naive_span,False,,14.114935054264485,-0.6164686910938836,-0.1669493442557478,137
split_verdict,False,,3.9454602441650253,-0.4085474965404316,-0.11064103924519515,137
naive_signflip,True,0.9999999769607887,8.601536225933078,-0.6293107295688214,-0.17042716873130004,138
naive_rankls,True,0.9999999999999916,10.814947782330997,-0.577035812281226,-0.15627030514962886,138
naive_greedy,True,0.9999964692524287,15.834771670178634,-1.3179956402433552,-0.3569337925014791,138
naive_topj,True,0.9544123884047427,4.896677266657114,-1.0350203420237847,-0.2802996646684773,138
train_vault,False,,-0.033486844808225266,-0.7728128207727039,-0.20928977501111862,138
verdict,False,,-0.033486844808225266,-0.7728128207727039,-0.20928977501111862,138
naive_span,False,,15.834771670178634,-1.3179956402433552,-0.3569337925014791,138
split_verdict,False,,3.74933636882381,-0.6071402967956238,-0.16442306946912388,138
naive_signflip,True,0.9999999962384344,8.453033057414437,-0.7458506196523199,-0.20198799008388674,139
naive_rankls,True,0.9999999999349014,9.336115286033015,-1.2623064675894493,-0.341852295272127,139
naive_greedy,True,0.9999584543404424,13.384920284580362,-0.21426192170862837,-0.058025472899132596,139
naive_topj,False,0.9179565127474238,4.480606872836758,-1.3039741597316765,-0.35313655671199273,139
train_vault,False,,-0.8689543097936112,-1.0239035475527407,-0.27728906319920643,139
verdict,False,,-0.8689543097936112,-1.0239035475527407,-0.27728906319920643,139
naive_span,False,,13.384920284580362,-0.21426192170862837,-0.058025472899132596,139
split_verdict,False,,3.9803973489443965,-1.8338030478210512,-0.4966224899186187,139
naive_signflip,True,0.9997402367830166,6.718075689238309,0.0789704429352687,0.021386428628248418,140
naive_rankls,True,0.9999999996178733,9.19320137406677,0.33522825112360605,0.0907850431167541,140
naive_greedy,True,0.9999999113960688,16.710123539157625,0.0073724707924788645,0.0019965801704624666,140
naive_topj,True,0.9991884922589208,6.772502964169505,-0.5965066479309703,-0.16154331137167752,140
train_vault,False,,1.633672338658495,-1.5629567742869792,-0.42327309129727014,140
verdict,False,,1.633672338658495,-1.5629567742869792,-0.42327309129727014,140
naive_span,False,,16.710123539157625,0.0073724707924788645,0.0019965801704624666,140
split_verdict,False,,5.233167100392859,-1.7912092337160073,-0.48508742019501233,140
naive_signflip,True,0.9999999830049662,7.671561532196863,-0.7811090924562845,-0.21153653488287075,141
naive_rankls,True,0.999999999999964,10.005036452526694,-0.7594466059659494,-0.20566999540283143,141
naive_greedy,True,0.9958758575817096,13.84995322480429,-0.6136637177413511,-0.1661897136879258,141
naive_topj,True,0.9810400851303424,5.062674546878702,-0.06758722570026274,-0.01830367571579669,141
train_vault,False,,0.03144330707830611,1.4181994223094823,0.38407054080608694,141
verdict,False,,0.03144330707830611,1.4181994223094823,0.38407054080608694,141
naive_span,False,,13.84995322480429,-0.6136637177413511,-0.1661897136879258,141
split_verdict,False,,1.815557442799236,1.8624339679466688,0.5043761900001733,141
naive_signflip,True,0.9999999984907321,9.23846621504767,-1.0178766754235746,-0.27565689215075934,142
naive_rankls,True,0.9999999998293325,9.327609185604134,-0.9069723404527532,-0.24562226709033,142
naive_greedy,True,0.9918147415519245,13.860088101964946,-1.3451470981820832,-0.36428683112930427,142
naive_topj,True,0.9672506497781094,5.036678134187477,-1.755038972423601,-0.4752919488408854,142
train_vault,False,,0.33842453418086593,-0.33712122451115023,-0.09129768985828336,142
verdict,False,,0.33842453418086593,-0.33712122451115023,-0.09129768985828336,142
naive_span,False,,13.860088101964946,-1.3451470981820832,-0.36428683112930427,142
split_verdict,False,,3.9582312323806748,-0.29366219338173916,-0.07952830585895815,142
naive_signflip,True,0.9997568401236304,6.6920151139934205,-0.6322180963609196,-0.17121452904085682,143
naive_rankls,True,0.9999998260014856,8.120483762349997,-0.6818368072014157,-0.1846520504548597,143
naive_greedy,True,0.9999870075303617,14.437881574978533,0.010789642972502483,0.0029220037368265944,143
naive_topj,True,0.9908159998911229,5.651524904060955,-1.2482752902168655,-0.33805243342134533,143
train_vault,True,,1.704777282577947,0.18036063294799196,0.04884447472391293,143
verdict,False,,1.704777282577947,0.18036063294799196,0.04884447472391293,143
naive_span,False,,14.437881574978533,0.010789642972502483,0.0029220037368265944,143
split_verdict,False,,4.170920817517797,-1.0558948630762033,-0.2859528108082597,143
naive_signflip,True,0.9999969460254565,7.433393811460121,0.1717348449404466,0.0465084766880784,144
naive_rankls,True,0.9999999999788046,9.307964026020137,0.547539056743807,0.14828212332338547,144
naive_greedy,True,0.9999971189126392,13.554651854205652,-0.4553007593204491,-0.12330255259649019,144
naive_topj,True,0.9933451720341343,5.575853896226807,-0.06366579577977283,-0.01724169128215259,144
train_vault,False,,1.0646855243136801,-1.2946316377786757,-0.3506064559359407,144
verdict,False,,1.0646855243136801,-1.2946316377786757,-0.3506064559359407,144
naive_span,False,,13.554651854205652,-0.4553007593204491,-0.12330255259649019,144
split_verdict,False,,3.4973434322858385,-1.2162454894594747,-0.32937826341021287,144
naive_signflip,True,0.9999948071969849,8.082222025173849,-0.02954173086053161,-0.008000361845780159,145
naive_rankls,True,0.9999999987858679,9.399904371201544,0.28587801878426033,0.07742022987165155,145
naive_greedy,True,0.9985364826939741,15.06748877118698,1.9509883249402047,0.5283580921545663,145
naive_topj,True,0.9884565190335781,5.910453451459517,-0.43919587542702765,-0.1189410986505473,145
train_vault,True,,1.7748515894028158,-1.3645100605630147,-0.36953062358632127,145
verdict,False,,1.7748515894028158,-1.3645100605630147,-0.36953062358632127,145
naive_span,False,,15.06748877118698,1.9509883249402047,0.5283580921545663,145
split_verdict,False,,4.610024035317317,0.40313649373070637,0.10917565522180431,145
naive_signflip,True,0.9994937535653516,6.254702030611188,0.7250125789694276,0.1963447233976088,146
naive_rankls,True,0.9999999863870523,8.430342394944475,1.1282532239116096,0.3055485843932188,146
naive_greedy,True,0.9999998104310092,13.742016223655417,1.3515363012900352,0.3660171270625765,146
naive_topj,True,0.9968946733928786,6.069555509886755,1.6587595101964896,0.44921796760496824,146
train_vault,False,,1.2952602606014911,-0.014933546792009776,-0.004044237575009095,146
verdict,False,,1.2952602606014911,-0.014933546792009776,-0.004044237575009095,146
naive_span,False,,13.742016223655417,1.3515363012900352,0.3660171270625765,146
split_verdict,True,,4.961017683703427,1.7770370841939649,0.4812493808856663,146
naive_signflip,True,0.999999999816051,8.712300363279155,-0.778034162225412,-0.21070379577852888,147
naive_rankls,True,0.9999999999999215,9.906560264803046,-0.6596318047172206,-0.1786385891753329,147
naive_greedy,True,0.9991730075867885,14.188871365942113,-0.2803497546167075,-0.07592308964218135,147
naive_topj,True,0.9774307314917247,5.1401161848099575,-0.6625145578996747,-0.17941928373519433,147
train_vault,False,,-0.7782340105297351,0.7108161316517895,0.19250010386594146,147
verdict,False,,-0.7782340105297351,0.7108161316517895,0.19250010386594146,147
naive_span,False,,14.188871365942113,-0.2803497546167075,-0.07592308964218135,147
split_verdict,False,,3.003662117559039,-2.3731260377925985,-0.6426795741121883,147
naive_signflip,True,0.9999999752653389,8.347641399541253,-0.057141956065018894,-0.015474933654161544,148
naive_rankls,True,0.9999999989858777,8.86016571559129,-0.238854391887822,-0.06468549769740761,148
naive_greedy,True,0.9998593500628047,13.822602729894298,0.8859316518605858,0.2399241201870077,148
naive_topj,True,0.9937663839152052,5.493831510214507,0.8659391404847534,0.23450983603528835,148
train_vault,False,,0.7103527468354076,-0.8763643255378404,-0.2373331388785671,148
verdict,False,,0.7103527468354076,-0.8763643255378404,-0.2373331388785671,148
naive_span,False,,13.822602729894298,0.8859316518605858,0.2399241201870077,148
split_verdict,False,,4.419927277967908,0.22597071629112445,0.061196397239352295,148
naive_signflip,True,0.9999999998663138,9.709366521057136,0.39436941341990484,0.10680139302475967,149
naive_rankls,True,0.9999999999983853,10.222632962284166,0.6228474829202588,0.16867682065145514,149
naive_greedy,True,0.9999837680465459,16.6092083190822,-0.005718160119484718,-0.0015485670174155805,149
naive_topj,True,0.9902551280984703,5.719343521050885,0.6984528939120977,0.18915194610328695,149
train_vault,False,,0.09571351644613958,0.5459944666004642,0.14786382420244001,149
verdict,False,,0.09571351644613958,0.5459944666004642,0.14786382420244001,149
naive_span,False,,16.6092083190822,-0.005718160119484718,-0.0015485670174155805,149
split_verdict,False,,3.9793831324593816,0.3394050693469097,0.09191619068925883,149
naive_signflip,True,0.9999996255259191,7.989000620431242,0.20048145547430096,0.05429350753804167,150
naive_rankls,True,0.9999999999999287,10.833021965596135,-0.18554069950568544,-0.0502473176054768,150
naive_greedy,True,0.9999974366966146,16.38186838110278,0.6568069400656446,0.17787357173323862,150
naive_topj,False,0.9307414225746541,5.1049481087370365,-0.4026896954522169,-0.10905465527373549,150
train_vault,False,,-0.8095365516140824,-0.9740698884141507,-0.2637933304308654,150
verdict,False,,-0.8095365516140824,-0.9740698884141507,-0.2637933304308654,150
naive_span,False,,16.38186838110278,0.6568069400656446,0.17787357173323862,150
split_verdict,False,,3.820411262026083,0.9440048017701196,0.2556512356696428,150
naive_signflip,True,0.9999997897404547,8.207773960249662,0.9961251836612123,0.26976624865373594,151
naive_rankls,True,0.9999999999858746,9.50314693166389,-0.4490553672202715,-0.12161120292892712,151
naive_greedy,True,0.9999966258996645,14.985247897646945,0.5980653881161119,0.16196544254481576,151
naive_topj,True,0.9970880098347716,6.127986776650657,1.7801415946291974,0.48209013077107826,151
train_vault,False,,1.3259452666724958,1.412376773665887,0.3824936766653389,151
verdict,False,,1.3259452666724958,1.412376773665887,0.3824936766653389,151
naive_span,False,,14.985247897646945,0.5980653881161119,0.16196544254481576,151
split_verdict,False,,5.192589466213304,2.183652060622055,0.5913670635189564,151
naive_signflip,True,0.999999997946887,8.507969065797777,0.01303088449482039,0.0035289669255098373,152
naive_rankls,True,0.9999999998931166,9.098220640077685,0.01594129662959007,0.004317151961398013,152
naive_greedy,True,0.9999702729062654,14.564471258638132,-0.09124789512954355,-0.02471135432614298,152
naive_topj,True,0.9849467368355427,5.35477634344287,1.0362782311450447,0.28064032067741124,152
train_vault,False,,-0.4113542653559211,-1.0580680811884215,-0.2865413521956832,152
verdict,False,,-0.4113542653559211,-1.0580680811884215,-0.2865413521956832,152
naive_span,False,,14.564471258638132,-0.09124789512954355,-0.02471135432614298,152
split_verdict,False,,3.469534990418016,-0.2751341590349629,-0.07451062494631762,152
naive_signflip,True,0.9998721887661947,6.740179549203369,-0.3818494157938058,-0.10341078223793802,153
naive_rankls,True,0.9999999996629898,9.373612872145248,0.5001777402391502,0.13545593953210316,153
naive_greedy,True,0.9997885227996521,14.829934197823855,-0.3736545697015137,-0.10119148999949959,153
naive_topj,True,0.9997270271395118,6.765482152132399,-1.3189318071297733,-0.35718732110732626,153
train_vault,False,,1.4886062047019428,-0.5929784718840098,-0.16058782622544293,153
verdict,False,,1.4886062047019428,-0.5929784718840098,-0.16058782622544293,153
naive_span,False,,14.829934197823855,-0.3736545697015137,-0.10119148999949959,153
split_verdict,False,,4.946092626840598,-0.5655762578944082,-0.1531668789448892,153
naive_signflip,True,0.9999997870948688,7.771353207834531,-0.9879161960906458,-0.26754312668224084,154
naive_rankls,True,0.9999994872244726,7.580364888919329,-0.6076409407503749,-0.16455865166682315,154
naive_greedy,True,0.9999575085211889,15.369014638520026,-1.1987692388824127,-0.3246454219601265,154
naive_topj,False,0.9166709590220753,4.4103366914870845,0.02721926808597491,0.007371402674175486,154
train_vault,False,,-2.010797033946612,-0.6723147956911988,-0.18207334110498893,154
verdict,False,,-2.010797033946612,-0.6723147956911988,-0.18207334110498893,154
naive_span,False,,15.369014638520026,-1.1987692388824127,-0.3246454219601265,154
split_verdict,False,,3.2525802312157803,-0.42813031917154487,-0.11594437328984833,154
naive_signflip,True,0.9999999993447787,8.885467214387706,0.07780794583655053,0.02107160626803118,155
naive_rankls,True,0.9999999982059938,8.745718857840172,0.01545359556957786,0.00418507490162488,155
naive_greedy,True,0.9995744289494983,13.675836223814413,-1.7010534442905527,-0.46067182514065347,155
naive_topj,False,0.9404947847382158,4.511214161265026,-0.4465775858850782,-0.12094018106667222,155
train_vault,False,,-0.901536343705458,1.729923423896247,0.4684902662609884,155
verdict,False,,-0.901536343705458,1.729923423896247,0.4684902662609884,155
naive_span,False,,13.675836223814413,-1.7010534442905527,-0.46067182514065347,155
split_verdict,False,,2.880094056530705,-0.6808559130196499,-0.18438640899926603,155
naive_signflip,True,0.9999999770639625,8.409639514999297,-0.5653556396149808,-0.15310713207110088,156
naive_rankls,True,0.9999999802898571,8.653608216646301,-0.5262183320243811,-0.14250813826560518,156
naive_greedy,True,0.9999985821217066,14.927640081108006,-0.6073122904231988,-0.16446964802818886,156
naive_topj,True,0.986142004710756,5.567022545637927,-1.402038585460769,-0.37969393392645895,156
train_vault,False,,-0.26831483171398296,0.4212732252209079,0.11408736521288086,156
verdict,False,,-0.26831483171398296,0.4212732252209079,0.11408736521288086,156
naive_span,False,,14.927640081108006,-0.6073122904231988,-0.16446964802818886,156
split_verdict,False,,3.6427627619153586,-1.584618224140303,-0.42913935003982556,156
naive_signflip,True,0.9999656900760004,6.642310607244427,0.610078088781336,0.16521866939603042,157
naive_rankls,True,0.9999999838716026,8.252128751246659,1.2742633671537398,0.345090410314187,157
naive_greedy,True,0.9967514925690314,13.95277194585554,0.991582932728013,0.2685361361992055,157
naive_topj,True,0.9786666499331558,5.110049839743576,-1.0729840614145396,-0.29058083247044525,157
train_vault,False,,-0.9318380558955222,-1.9774957971662972,-0.5355367293991781,157
verdict,False,,-0.9318380558955222,-1.9774957971662972,-0.5355367293991781,157
naive_span,False,,13.95277194585554,0.991582932728013,0.2685361361992055,157
split_verdict,False,,3.1555370057581063,-1.8064068453485804,-0.48920317065074015,157
naive_signflip,True,0.9999999999999994,11.312466232114293,-0.7130012094476901,-0.1930918570408287,158
naive_rankls,True,0.9999999999999991,11.301144835342045,-0.9288701781668262,-0.25155254335544935,158
naive_greedy,True,0.9999260402668612,15.681841655194482,0.007444425033258684,0.002016066502028301,158
naive_topj,True,0.9941772475078198,5.943510941319647,-0.2524673671217895,-0.06837210388116675,158
train_vault,False,,0.36000585674123114,-0.6062969868479668,-0.16419468797173456,158
verdict,False,,0.36000585674123114,-0.6062969868479668,-0.16419468797173456,158
naive_span,False,,15.681841655194482,0.007444425033258684,0.002016066502028301,158
split_verdict,False,,3.6774162788127884,0.26220881090226433,0.07101023891502985,158
naive_signflip,True,0.9999999928949623,8.556025129208713,0.004007609543236309,0.0010853232206961907,159
naive_rankls,True,0.9999999953656222,8.6857739287239,0.10905010273098192,0.029532470026424673,159
naive_greedy,True,0.9998033572049032,12.891787426603809,-0.9877916312899918,-0.2675093925898417,159
naive_topj,True,0.9983725072174304,6.039445628753382,-0.1189913136578935,-0.03222470512178851,159
train_vault,False,,-0.15176421163015225,0.4814640985051532,0.130387993241783,159
verdict,False,,-0.15176421163015225,0.4814640985051532,0.130387993241783,159
naive_span,False,,12.891787426603809,-0.9877916312899918,-0.2675093925898417,159
split_verdict,False,,4.756572892483168,-0.862701189116921,-0.23363294826239528,159
naive_signflip,True,0.9999999942958072,8.584588270913752,1.1735796948412254,0.31782370024005774,160
naive_rankls,True,0.9999999997549155,9.171415927002505,1.0284101814693927,0.2785095300096955,160
naive_greedy,True,0.9997953485617768,13.928478148083235,0.2801977447501064,0.07588192299752268,160
naive_topj,False,0.9392241122865388,4.258749298919519,-0.19775209093972093,-0.053554353018329594,160
train_vault,False,,0.2213668008247194,0.6970190326010346,0.18876363407853364,160
verdict,False,,0.2213668008247194,0.6970190326010346,0.18876363407853364,160
naive_span,False,,13.928478148083235,0.2801977447501064,0.07588192299752268,160
split_verdict,False,,3.0131442636555787,0.986362203062919,0.2671222811134308,160
naive_signflip,True,0.9999999794857233,8.43912276326661,0.1385281510768615,0.0375155856531911,161
naive_rankls,True,0.9999999999999734,10.759982044929915,-0.6499769637549618,-0.1760239075364609,161
naive_greedy,True,0.9947188701363734,16.053337424094487,0.0930079657291368,0.025188008918162096,161
naive_topj,True,0.976690656438639,5.3404822672037415,0.07849864606712696,0.021258658671888732,161
train_vault,False,,-1.0617282578694103,-0.49022019238589787,-0.1327592801420766,161
verdict,False,,-1.0617282578694103,-0.49022019238589787,-0.1327592801420766,161
naive_span,False,,16.053337424094487,0.0930079657291368,0.025188008918162096,161
split_verdict,False,,3.784050249700026,0.6806617372916017,0.18433382318114366,161
naive_signflip,True,0.9994463287384656,6.75175878069771,0.4250255191218876,0.11510354497232951,162
naive_rankls,True,0.9999999838556372,8.67162444291782,-0.31552043603149516,-0.08544785916260522,162
naive_greedy,True,0.9999999478740892,15.092670192977296,-0.5166709388257967,-0.13992255515833152,162
naive_topj,True,0.9998102456919581,7.136494605888751,-0.48263214293059814,-0.1307043179046683,162
train_vault,True,,1.9882534594391057,-0.07716872843033283,-0.02089849621662607,162
verdict,False,,1.9882534594391057,-0.07716872843033283,-0.02089849621662607,162
naive_span,False,,15.092670192977296,-0.5166709388257967,-0.13992255515833152,162
split_verdict,False,,3.6503663531568558,0.05536658815111651,0.014994136310645589,162
naive_signflip,True,0.9999999999999403,9.69581512318723,-1.4461496301382228,-0.3916398933721356,163
naive_rankls,True,0.9999999999998395,9.546962622701267,-1.3958646275870739,-0.37802192976247284,163
naive_greedy,True,0.9998250652351802,15.708923123000101,-0.7539909503195681,-0.20419251869427005,163
naive_topj,True,0.989236125039151,5.848159313300928,-1.0098630185754678,-0.27348666878790207,163
train_vault,False,,0.09440223366662659,-0.6762554546439608,-0.18314053306072597,163
verdict,False,,0.09440223366662659,-0.6762554546439608,-0.18314053306072597,163
naive_span,False,,15.708923123000101,-0.7539909503195681,-0.20419251869427005,163
split_verdict,False,,3.773616468867216,-1.367121235396298,-0.3702377704900517,163
naive_signflip,True,0.999977077445283,8.021590213245297,1.211991161620635,0.3282261250239423,164
naive_rankls,True,0.9999999999989739,10.532251718700435,0.35403186292677874,0.09587735470618605,164
naive_greedy,True,0.9999992069375716,15.76724881164769,1.2197737185213018,0.33033376291370087,164
naive_topj,True,0.9958190907452685,6.3102167940062035,2.333375857019817,0.631914604682374,164
train_vault,False,,0.9993751309603053,1.7668876413929375,0.4785007533484169,164
verdict,False,,0.9993751309603053,1.7668876413929375,0.4785007533484169,164
naive_span,False,,15.76724881164769,1.2197737185213018,0.33033376291370087,164
split_verdict,False,,5.353624159445477,1.8113972099603144,0.49055463928420434,164
naive_signflip,True,0.9999995146637062,7.73437531059715,0.3862269572074803,0.10459628878356408,165
naive_rankls,True,0.9999999967070216,8.549320243014083,0.10580077935667949,0.028652502536669296,165
naive_greedy,True,0.9999893760261678,13.59406378479348,-0.46390067985872446,-0.12563154531787066,165
naive_topj,True,0.9969251795806737,5.725184871118894,0.9902837413471665,0.2681842948936719,165
train_vault,False,,0.15547237485508064,1.335683034835436,0.3617238150466644,165
verdict,False,,0.15547237485508064,1.335683034835436,0.3617238150466644,165
naive_span,False,,13.59406378479348,-0.46390067985872446,-0.12563154531787066,165
split_verdict,False,,3.2042287667214686,-0.013262925711080585,-0.003591807308897687,165
naive_signflip,True,0.9999999971064228,8.757509623932396,1.4485828826814293,0.39229885614245263,166
naive_rankls,True,0.9999999724789267,8.380464585702025,1.7738877070199466,0.4803964803870483,166
naive_greedy,True,0.9995467233243603,13.605779412956148,0.5976196890369626,0.16184474027708615,166
naive_topj,True,0.9649826948123816,4.8333025291352945,2.185617064212834,0.59189921716387,166
train_vault,False,,0.018879758433438722,2.1772316233589737,0.5896283088889287,166
verdict,False,,0.018879758433438722,2.1772316233589737,0.5896283088889287,166
naive_span,False,,13.605779412956148,0.5976196890369626,0.16184474027708615,166
split_verdict,False,,3.407245238668626,1.1086801724449797,0.3002478965324298,166
naive_signflip,True,0.9999999998560184,9.048049597538077,1.3349453925422239,0.36152404999950755,167
naive_rankls,True,0.9999999999927393,9.506493786390541,1.4464935273249275,0.39173302609832455,167
naive_greedy,True,0.9997966553707887,14.56633363864943,1.3034237938743516,0.3529875090469473,167
naive_topj,True,0.9776041800105194,5.303293180645563,0.4123786189932509,0.11167856700694849,167
train_vault,False,,0.8902526865209645,0.47421245140460533,0.128424134013081,167
verdict,False,,0.8902526865209645,0.47421245140460533,0.128424134013081,167
naive_span,False,,14.56633363864943,1.3034237938743516,0.3529875090469473,167
split_verdict,False,,2.9204328044880494,-0.6545006984323746,-0.17724900549989672,167
naive_signflip,True,0.9999944710897822,7.209162779655481,-0.7362637474448638,-0.1993917154447669,168
naive_rankls,True,0.9999942148280779,7.358786435990137,-0.3311604324846821,-0.08968341433311772,168
naive_greedy,True,0.9982801780154977,12.359308819210305,1.6755526784183492,0.45376581969075885,168
naive_topj,False,0.916886804629025,4.375878473114094,-0.04695485977798139,-0.01271610896515221,168
train_vault,False,,0.009432218542092443,0.6893259975104373,0.18668024009232376,168
verdict,False,,0.009432218542092443,0.6893259975104373,0.18668024009232376,168
naive_span,False,,12.359308819210305,1.6755526784183492,0.45376581969075885,168
split_verdict,False,,2.5314401004078824,0.979339459366243,0.26522041249954253,168
naive_signflip,True,0.9999948527018271,6.803620372261011,0.3185777061497399,0.0862758156327837,169
naive_rankls,True,0.9999999976156168,8.310724962843873,0.7350979616728134,0.19907600246047705,169
naive_greedy,True,0.9966194289298091,14.281895255930356,-0.07610876895905895,-0.020611442646471776,169
naive_topj,False,0.9266126670564762,4.155702780992698,-0.8191110529712884,-0.2218280589782064,169
train_vault,False,,-2.044908362763647,-1.1542263581646373,-0.3125825145740284,169
verdict,False,,-2.044908362763647,-1.1542263581646373,-0.3125825145740284,169
naive_span,False,,14.281895255930356,-0.07610876895905895,-0.020611442646471776,169
split_verdict,False,,1.7794685170195155,1.2105436676179566,0.3278341210535014,169
naive_signflip,True,0.9998055345556585,6.362210831574972,-0.5291832598460473,-0.14331108700046222,170
naive_rankls,True,0.9999999983703238,8.884875477630061,-1.1039357647429358,-0.29896303686934994,170
naive_greedy,True,0.9999985953745032,14.519918884903852,-0.23475687402031908,-0.06357582589908486,170
naive_topj,False,0.9484148279569454,5.061095484110874,0.006435604447998393,0.001742862140453909,170
train_vault,False,,-1.1859471680712865,0.9346865796761099,0.2531277156747119,170
verdict,False,,-1.1859471680712865,0.9346865796761099,0.2531277156747119,170
naive_span,False,,14.519918884903852,-0.23475687402031908,-0.06357582589908486,170
split_verdict,False,,4.359017333859971,-0.2755948291739734,-0.07463538161074697,170
naive_signflip,True,0.9999999832194214,8.559543500671513,-0.9459128075885949,-0.2561679534281155,171
naive_rankls,True,0.9999999989694861,8.913864961249129,-0.600880976495614,-0.1627279478276354,171
naive_greedy,True,0.9993359803344402,14.740674623672838,-0.06480814771226978,-0.017551058016903126,171
naive_topj,True,0.9925307132534681,5.845523297434052,-1.329450879810185,-0.36003605018561424,171
train_vault,False,,0.38649069018433996,-0.24709527228326503,-0.06691725674370724,171
verdict,False,,0.38649069018433996,-0.24709527228326503,-0.06691725674370724,171
naive_span,False,,14.740674623672838,-0.06480814771226978,-0.017551058016903126,171
split_verdict,False,,4.657377745361259,-0.974798134294567,-0.2639905507827647,171
naive_signflip,True,0.9999999338319588,8.17390452252851,0.2500116793929957,0.06770706531239282,172
naive_rankls,True,0.9999999766823642,8.524075141249261,0.3302551232332532,0.08943824245649487,172
naive_greedy,True,0.9998783925072317,15.151968478390142,0.6694491201234076,0.18129727142974958,172
naive_topj,True,0.9828182286428213,5.45895468126641,1.1326255948630257,0.3067326906969575,172
train_vault,False,,0.6418653200666479,0.738559934919091,0.20001355885490063,172
verdict,False,,0.6418653200666479,0.738559934919091,0.20001355885490063,172
naive_span,False,,15.151968478390142,0.6694491201234076,0.18129727142974958,172
split_verdict,False,,3.0749141457183558,-0.5370026637571971,-0.1454287036358194,172
naive_signflip,True,0.9961878759399561,5.501117207617149,-0.334921205367517,-0.0907018903332046,173
naive_rankls,True,0.999727573773227,6.1988572167649005,-0.5128432685513169,-0.13888596230035893,173
naive_greedy,True,0.9999910770899517,13.790591295400517,0.7753561570742041,0.20997855018152325,173
naive_topj,True,0.9623010365229242,5.027976570990769,-0.0686726501641196,-0.018597625603435756,173
train_vault,False,,-1.1768576303364129,-0.19950501641591611,-0.05402907259940141,173
verdict,False,,-1.1768576303364129,-0.19950501641591611,-0.05402907259940141,173
naive_span,False,,13.790591295400517,0.7753561570742041,0.20997855018152325,173
split_verdict,False,,3.5311359103388074,-0.3787151573225364,-0.1025619761200183,173
naive_signflip,True,0.9999998792719896,7.400196087747482,0.9025708920867747,0.24443028616884674,174
naive_rankls,True,0.9999999999556338,8.887718217445618,0.9307241670287036,0.252054632478903,174
naive_greedy,True,0.9632517804362125,13.003926288954553,1.63143306623531,0.441817540030836,174
naive_topj,True,0.9817265274344065,4.874164664906167,0.8337457641186923,0.22579136719601056,174
train_vault,False,,-1.0533630416554005,-0.7761009590512856,-0.21018025418283026,174
verdict,False,,-1.0533630416554005,-0.7761009590512856,-0.21018025418283026,174
naive_span,False,,13.003926288954553,1.63143306623531,0.441817540030836,174
split_verdict,False,,3.032069242697225,-0.16446162452407367,-0.04453877506870443,174
naive_signflip,True,0.9999999999999999,11.604436496819533,-0.10582943848456786,-0.028660263875853312,175
naive_rankls,True,0.9999999999999997,11.47478534241689,0.3369436397497213,0.09124959713289649,175
naive_greedy,True,0.999993108241361,17.06791196978976,-0.45460115865006007,-0.12311308981460083,175
naive_topj,True,0.9787393231239858,5.5441225000542715,0.7052586566863874,0.1909950528964506,175
train_vault,False,,-0.9251028952205078,0.9263284147488307,0.25086419414644956,175
verdict,False,,-0.9251028952205078,0.9263284147488307,0.25086419414644956,175
naive_span,False,,17.06791196978976,-0.45460115865006007,-0.12311308981460083,175
split_verdict,False,,2.966058578625531,2.3284252403366694,0.6305739004084125,175
naive_signflip,True,0.9999998822875681,8.191237359297746,2.0338283359328746,0.5507924602144018,176
naive_rankls,True,0.999999985586087,8.550778345755232,1.8234337319751204,0.4938143173287227,176
naive_greedy,True,0.9999401987263731,14.07707339976891,1.2944115586184595,0.35054685506405014,176
naive_topj,True,0.9903515367415323,5.3913110159486575,0.7097803799910762,0.19221960614875644,176
train_vault,False,,0.6201970244610961,0.940661910227517,0.25474592845936866,176
verdict,False,,0.6201970244610961,0.940661910227517,0.25474592845936866,176
naive_span,False,,14.07707339976891,1.2944115586184595,0.35054685506405014,176
split_verdict,False,,3.276662371300834,0.9375161093783443,0.25389399648534305,176
naive_signflip,True,0.999999999715605,8.643386956110167,-0.8333848995774238,-0.22569363944535542,177
naive_rankls,True,0.9999999999980179,9.14080440393436,-0.9896589936936522,-0.26801510347716306,177
naive_greedy,True,0.9997613331645054,12.700454802485897,-2.3587926352505275,-0.6387978649679555,177
naive_topj,True,0.9924207222401241,5.284798581135737,-0.11828276660718127,-0.03203281952046,177
train_vault,False,,-0.043098607845012744,1.0004828791181113,0.2709463806044837,177
verdict,False,,-0.043098607845012744,1.0004828791181113,0.2709463806044837,177
naive_span,False,,12.700454802485897,-2.3587926352505275,-0.6387978649679555,177
split_verdict,False,,2.1872347769166467,0.23657868390854261,0.06406920045417842,177
naive_signflip,True,0.9999999815361976,8.173718800819088,0.3961901466732839,0.10729447601033172,178
naive_rankls,True,0.9999999829737175,8.190753479536735,0.4073085646807335,0.11030551715860364,178
naive_greedy,True,0.9996395067847178,14.42784952676461,1.198881409038092,0.32467579938919344,178
naive_topj,True,0.9950889545886537,5.801181424226503,0.20638020028847176,0.055890979709597305,178
train_vault,False,,-1.5920349239407017,-0.515400102202521,-0.1395783927637489,178
verdict,False,,-1.5920349239407017,-0.515400102202521,-0.1395783927637489,178
naive_span,False,,14.42784952676461,1.198881409038092,0.32467579938919344,178
split_verdict,False,,3.7687783047108976,-0.4667112308646335,-0.1263926864012909,178
naive_signflip,True,0.9999996355502501,8.762844016766655,-1.9100006646509706,-0.5172579939553816,179
naive_rankls,True,0.9999999999596703,10.270099919177431,-2.023797883424301,-0.548076057105716,179
naive_greedy,True,0.9999821245034987,16.476703393519806,0.07000006757969959,0.01895711095976668,179
naive_topj,True,0.9992855775805368,6.926079289238528,-0.3044765964519211,-0.08245701501672666,179
train_vault,False,,0.9170653943424406,0.030180837753457104,0.008173441968460697,179
verdict,False,,0.9170653943424406,0.030180837753457104,0.008173441968460697,179
naive_span,False,,16.476703393519806,0.07000006757969959,0.01895711095976668,179
split_verdict,False,,5.018939045261876,-0.4529574880069958,-0.12266795814774346,179
naive_signflip,True,0.9999999937436106,8.605606382422181,0.07582496378897194,0.020534583776383265,180
naive_rankls,True,0.9999999962001227,8.678370318872513,0.19440102906374473,0.05264683315424381,180
naive_greedy,True,0.9999669077735324,14.589344667864795,-1.392072285567341,-0.3769949043473387,180
naive_topj,True,0.9957866641079385,5.9145105172734125,-0.6914049410225531,-0.18724325044646942,180
train_vault,False,,-0.4101313223023824,-0.41086759632137004,-0.11126935848124309,180
verdict,False,,-0.4101313223023824,-0.41086759632137004,-0.11126935848124309,180
naive_span,False,,14.589344667864795,-1.392072285567341,-0.3769949043473387,180
split_verdict,False,,4.6965468537091155,0.3019991201848773,0.08178607577168856,180
naive_signflip,True,0.9999999903825977,9.272521443867928,-0.6261341630172438,-0.16956690492482904,181
naive_rankls,True,1.0,12.089617254202963,-0.8459821561314501,-0.22910517315582546,181
naive_greedy,True,0.9999999930631289,16.87514265902891,-0.3204446689979136,-0.08678141831424246,181
naive_topj,True,0.9998649655117702,7.309439430777971,0.4544494823570616,0.12307201350688064,181
train_vault,False,,1.1808546053785625,-0.47953522259621933,-0.12986562353704453,181
verdict,False,,1.1808546053785625,-0.47953522259621933,-0.12986562353704453,181
naive_span,False,,16.87514265902891,-0.3204446689979136,-0.08678141831424246,181
split_verdict,False,,4.795848807056781,0.42377258645581595,0.11476423124882784,181
naive_signflip,True,0.9999998363630364,8.707943957734722,-0.4252881890380781,-0.11517468008575417,182
naive_rankls,True,0.9999999957966874,9.254896837910593,-0.21185623567234269,-0.05737397556918638,182
naive_greedy,True,0.9999999995527913,16.703572414781192,-1.0645748761659322,-0.2883034938427706,182
naive_topj,True,0.992219940009852,6.548367780462259,0.02123013733211605,0.005749452579281868,182
train_vault,False,,1.4753924042760218,-1.1037418815548874,-0.2989105302756258,182
verdict,False,,1.4753924042760218,-1.1037418815548874,-0.2989105302756258,182
naive_span,False,,16.703572414781192,-1.0645748761659322,-0.2883034938427706,182
split_verdict,False,,5.991645709353215,0.49330963993263166,0.13359595076216038,182
naive_signflip,True,0.9999999998182394,9.395628650252883,0.10144510403940421,0.027472917671264818,183
naive_rankls,True,0.9999999999916048,9.743988600764778,0.30482657862972845,0.08255179565348933,183
naive_greedy,True,0.9889127717999023,14.83984364386338,0.43105550957286054,0.11673656051099705,183
naive_topj,True,0.9977269353868664,6.05955534018692,0.22877596571782946,0.06195610257236959,183
train_vault,False,,0.610026823857291,-0.5202899821120565,-0.1409026485713516,183
verdict,False,,0.610026823857291,-0.5202899821120565,-0.1409026485713516,183
naive_span,False,,14.83984364386338,0.43105550957286054,0.11673656051099705,183
split_verdict,False,,3.6888918530097463,-0.21858110900552977,-0.05919517623906365,183
naive_signflip,True,0.9957449146093722,5.392423453843168,-0.10519260810919323,-0.028487800269660628,184
naive_rankls,True,0.9999946796721386,6.958127429651173,-0.23395386188098255,-0.06335835767721337,184
naive_greedy,True,0.9999610673654441,13.861857966420876,-2.0789614932724754,-0.5630152237235551,184
naive_topj,False,0.9146316885848671,4.574650113664366,-1.0230938562173286,-0.2770697861467794,184
train_vault,False,,-0.5355107113501985,-0.7596559278429755,-0.2057266830345194,184
verdict,False,,-0.5355107113501985,-0.7596559278429755,-0.2057266830345194,184
naive_span,False,,13.861857966420876,-2.0789614932724754,-0.5630152237235551,184
split_verdict,False,,2.788670157791191,-0.2953733325969431,-0.07999170906829499,184
naive_signflip,True,0.9993972186639556,6.323999082245939,-0.12336804898270684,-0.033409993365968414,185
naive_rankls,True,0.9999999972048386,8.794410795442323,0.5524147432645042,0.14960253533974047,185
naive_greedy,True,0.9999962032222697,14.844598034264829,0.6473229158670386,0.1753051499403113,185
naive_topj,True,0.9872262715805243,5.690578733124792,0.1116887832162877,0.030247065890069508,185
train_vault,False,,0.8531071326682532,0.21551937939048674,0.0583660120675421,185
verdict,False,,0.8531071326682532,0.21551937939048674,0.0583660120675421,185
naive_span,False,,14.844598034264829,0.6473229158670386,0.1753051499403113,185
split_verdict,False,,4.22238663228433,1.0771740795202898,0.2917155547771587,185
naive_signflip,True,0.9999999862059253,8.646196438442752,-1.1164130172081086,-0.3023420715993664,186
naive_rankls,True,0.9999999991387124,8.771164604397246,-1.1613271037887571,-0.314505507327432,186
naive_greedy,True,0.9999473623813558,14.018663705362032,-0.7426811320404687,-0.20112964336479164,186
naive_topj,True,0.9958056815268839,5.952086252132542,-1.399657184933609,-0.3790490134914662,186
train_vault,False,,0.7122297750817077,0.20278960279960695,0.054918589862533645,186
verdict,False,,0.7122297750817077,0.20278960279960695,0.054918589862533645,186
naive_span,False,,14.018663705362032,-0.7426811320404687,-0.20112964336479164,186
split_verdict,False,,4.376810863363556,-1.0206506465469674,-0.276408126831004,186
naive_signflip,True,0.9999999999938812,9.867690303595486,0.4340107130782233,0.11753687574920835,187
naive_rankls,True,1.0,11.479413349679037,0.40691764910874006,0.11019965111974957,187
naive_greedy,True,0.9999995460753613,16.143602136955025,0.10817516299955895,0.029295522689869475,187
naive_topj,True,0.991747297110695,5.876533010223617,1.1353593644969238,0.3074730381863259,187
train_vault,False,,-1.2504700503926087,-0.8926296246678744,-0.24173803577457056,187
verdict,False,,-1.2504700503926087,-0.8926296246678744,-0.24173803577457056,187
naive_span,False,,16.143602136955025,0.10817516299955895,0.029295522689869475,187
split_verdict,False,,4.157805857021573,-1.1336497607630225,-0.3070100508092937,187
naive_signflip,True,0.9997251632622483,6.52299434085649,-0.3768030440132534,-0.10204414598891944,188
naive_rankls,True,0.9999999997897143,9.060846860928386,0.9826813467449531,0.2661254477665602,188
naive_greedy,True,0.9999999607478454,14.24915773635052,1.0595748742397584,0.28694941527412343,188
naive_topj,True,0.9798983246582642,5.305029940380383,0.11200551844502812,0.03033284273405988,188
train_vault,False,,1.2391167679538437,-0.24683382173653015,-0.06684645185456478,188
verdict,False,,1.2391167679538437,-0.24683382173653015,-0.06684645185456478,188
naive_span,False,,14.24915773635052,1.0595748742397584,0.28694941527412343,188
split_verdict,False,,4.241526402471648,-0.04198251752050538,-0.011369521066539299,188
naive_signflip,True,0.9999999994434803,8.678829237715084,0.5556634554738892,0.15048233731649624,189
naive_rankls,True,0.9999999993478422,8.654628816087728,0.6206848109760009,0.16809113533093467,189
naive_greedy,True,0.9999694180358086,14.051875363208643,0.6614221219542464,0.17912343502890068,189
naive_topj,False,0.9362782052514358,4.418767094999904,1.7853660616261218,0.48350499798465013,189
train_vault,False,,-0.11689914788059853,1.0027798496465448,0.27156843607791953,189
verdict,False,,-0.11689914788059853,1.0027798496465448,0.27156843607791953,189
naive_span,False,,14.051875363208643,0.6614221219542464,0.17912343502890068,189
split_verdict,False,,3.6390949954202587,2.732365474065815,0.7399672209676948,189
naive_signflip,True,0.9999999999762719,9.518387485582824,-0.07341496968603556,-0.019881919754741698,190
naive_rankls,True,0.9999999999997187,10.499391436231326,-0.07069676566522194,-0.019145787676366512,190
naive_greedy,True,0.9999999838575506,16.5061139123427,0.8475786356589985,0.22953752473197603,190
naive_topj,True,0.956411606273589,5.0550420913668095,0.5121265278475639,0.13869185772988896,190
train_vault,False,,-0.7576793561919909,-0.02920844116076964,-0.007910101792631763,190
verdict,False,,-0.7576793561919909,-0.02920844116076964,-0.007910101792631763,190
naive_span,False,,16.5061139123427,0.8475786356589985,0.22953752473197603,190
split_verdict,False,,3.2590889464774215,0.497546376983451,0.1347433252884534,190
naive_signflip,True,0.9958925955631361,5.619159222969475,0.7898704895799299,0.2139092579841224,191
naive_rankls,True,0.9985527348558889,5.826511988620855,-0.1301784189622251,-0.03525434786222368,191
naive_greedy,True,0.9998989917975358,13.811063435944762,0.42738717948180627,0.11574311946190106,191
naive_topj,False,0.8236376451863338,4.309498475439055,0.2111043355581797,0.05717034928156001,191
train_vault,False,,-0.7475285657444569,-0.874066033810067,-0.23671072560372694,191
verdict,False,,-0.7475285657444569,-0.874066033810067,-0.23671072560372694,191
naive_span,False,,13.811063435944762,0.42738717948180627,0.11574311946190106,191
split_verdict,False,,1.8938646593368316,-0.8168878129081176,-0.2212259708656522,191
naive_signflip,True,0.9999999926894735,8.702723819528229,1.224897298114812,0.3317213082436362,192
naive_rankls,True,0.9999999999758729,9.405497063908367,0.25210898479881244,0.06827504835397087,192
naive_greedy,True,0.9999348505608121,14.68427577432379,0.7902473393696263,0.21401131478957197,192
naive_topj,True,0.9851836623944653,5.258304868810505,0.5771913224875292,0.15631241974091709,192
train_vault,False,,0.19972863347299236,1.10269718220253,0.29862760938387545,192
verdict,False,,0.19972863347299236,1.10269718220253,0.29862760938387545,192
naive_span,False,,14.68427577432379,0.7902473393696263,0.21401131478957197,192
split_verdict,False,,4.248485084215626,0.020607528727297784,0.005580840450549176,192
naive_signflip,True,0.999947217162796,7.0820854069988055,-0.24603143731486551,-0.06662915362843713,193
naive_rankls,True,0.9999999985934724,9.02279965805127,0.7099411695235853,0.1922631504639883,193
naive_greedy,True,0.9999109127736956,14.957613122922622,0.9174631164334527,0.24846333298064135,193
naive_topj,True,0.9904817887428211,5.796946127854078,-0.9562464648376551,-0.2589664691133695,193
train_vault,False,,-0.07609064871816533,-0.819923295786734,-0.22204802701125356,193
verdict,False,,-0.07609064871816533,-0.819923295786734,-0.22204802701125356,193
naive_span,False,,14.957613122922622,0.9174631164334527,0.24846333298064135,193
split_verdict,False,,4.440408508412388,0.2687397210773316,0.07277891133403941,193
naive_signflip,True,0.9999999999999998,10.762862790183739,0.049183393714322086,0.013319630741195009,194
naive_rankls,True,1.0,10.970626688308107,0.17460528443589582,0.04728583650928961,194
naive_greedy,True,0.9999994213661032,14.758710787719181,-0.30790991223060843,-0.08338681052160084,194
naive_topj,True,0.977924842530003,5.259868685120744,-1.274021584691275,-0.3450249318492719,194
train_vault,False,,1.2730923649608723,-1.0792825777614843,-0.29228656901327055,194
verdict,False,,1.2730923649608723,-1.0792825777614843,-0.29228656901327055,194
naive_span,False,,14.758710787719181,-0.30790991223060843,-0.08338681052160084,194
split_verdict,False,,3.261451623575335,-1.0900284145763397,-0.29519670935881837,194
naive_signflip,True,0.9999998734548132,7.451241540139494,2.0789433507835424,0.5630103104543587,195
naive_rankls,True,0.9999999809405546,8.331740050957203,1.4213676993614985,0.3849285596866826,195
naive_greedy,True,0.9998513828170487,13.77946067301363,0.43958460561260765,0.11904637285264803,195
naive_topj,True,0.9813809132248128,5.194358617399025,0.07880468413045598,0.02134153855650934,195
train_vault,False,,-0.5072938795897562,-0.4098168019936798,-0.11098478697503365,195
verdict,False,,-0.5072938795897562,-0.4098168019936798,-0.11098478697503365,195
naive_span,False,,13.77946067301363,0.43958460561260765,0.11904637285264803,195
split_verdict,False,,3.674541835162853,0.6509185765547979,0.17627891098066908,195
naive_signflip,True,0.9999998485832958,7.595194374581624,1.4149897833212104,0.3832013204675182,196
naive_rankls,True,0.9999999999816677,9.321111965964853,1.0833016827321016,0.2933750053751383,196
naive_greedy,True,0.9999693578346173,12.408081948991978,-0.18342483151214686,-0.04967430752539279,196
naive_topj,True,0.9823428252732224,4.8229989915986495,-0.14288842180729516,-0.038696415028210515,196
train_vault,False,,-1.060147748782593,0.3102799911142989,0.08402866487881791,196
verdict,False,,-1.060147748782593,0.3102799911142989,0.08402866487881791,196
naive_span,False,,12.408081948991978,-0.18342483151214686,-0.04967430752539279,196
split_verdict,False,,2.5359381539390564,-0.7992714069553054,-0.21645517315207108,196
naive_signflip,True,0.9999986965356303,7.957510059089331,0.19693049500763493,0.05333185201529964,197
naive_rankls,True,0.9999999999999339,10.392710248698304,-0.4437174210584097,-0.12016560378614828,197
naive_greedy,True,0.9983974173726704,15.052583841435007,-1.2067101794683273,-0.3267959526241248,197
naive_topj,True,0.995133247348082,5.8674229750903955,-1.1511281319648112,-0.3117434665576578,197
train_vault,False,,0.8510101244072398,1.2352413961381508,0.3345226514535391,197
verdict,False,,0.8510101244072398,1.2352413961381508,0.3345226514535391,197
naive_span,False,,15.052583841435007,-1.2067101794683273,-0.3267959526241248,197
split_verdict,False,,4.112742588175723,-0.6684223602215801,-0.18101920882122677,197
naive_signflip,True,0.9999997500922492,7.7834986712181715,1.4922044951029685,0.40411226969348285,198
naive_rankls,True,0.99999999973656,8.862083823845973,1.8894609791834167,0.5116955265185638,198
naive_greedy,True,0.9999796479695631,13.785695644396649,0.73741559345398,0.19970365332366277,198
naive_topj,True,0.9842882895519033,5.123255435931938,-1.3068348115005253,-0.35391126586405997,198
train_vault,False,,-0.2743056129073516,0.022510981008668086,0.006096325040095807,198
verdict,False,,-0.2743056129073516,0.022510981008668086,0.006096325040095807,198
naive_span,False,,13.785695644396649,0.73741559345398,0.19970365332366277,198
split_verdict,False,,2.643836742552075,0.8891300893491753,0.2407903069846138,198
naive_signflip,True,0.9999999999821124,9.362604748783234,-0.5001991296862228,-0.13546173212824691,199
naive_rankls,True,0.9999999999909016,9.426340533503678,-0.36919528484463865,-0.09998384605348856,199
naive_greedy,True,0.9997022508422494,12.664024433632324,-0.6571776926252375,-0.17797397731360207,199
naive_topj,True,0.9634372141810857,4.522576756615391,1.04027370627527,0.28172235770965315,199
train_vault,False,,-0.041241533581125096,0.525613018690423,0.14234420996619024,199
verdict,False,,-0.041241533581125096,0.525613018690423,0.14234420996619024,199
naive_span,False,,12.664024433632324,-0.6571776926252375,-0.17797397731360207,199
split_verdict,False,,3.0950286575082475,-0.9719884862692039,-0.2632296542405713,199
naive_signflip,True,0.9999999996299658,9.044721658794538,0.17560815615048497,0.04755742982382794,200
naive_rankls,True,0.9999999995353528,8.953817753829611,0.9099614896957047,0.24643177536415295,200
naive_greedy,True,0.9993738350392636,14.072265366828672,-0.07706733226902683,-0.020871036553410976,200
naive_topj,True,0.9983181480756221,5.996377225557177,-1.538298516769327,-0.41659525026083954,200
train_vault,False,,0.661352954771488,-1.6324280070386281,-0.4420869855308054,200
verdict,False,,0.661352954771488,-1.6324280070386281,-0.4420869855308054,200
naive_span,False,,14.072265366828672,-0.07706733226902683,-0.020871036553410976,200
split_verdict,False,,4.350854019487244,-1.454077545349986,-0.39378689656149535,200
naive_signflip,True,0.9999999938824804,8.04051908551004,-0.9284500168334376,-0.2514387571079007,201
naive_rankls,True,0.9999999999999873,10.413090529150592,-1.5257755546462124,-0.4132038366419521,201
naive_greedy,True,0.9996811872284995,14.607550420059392,-0.9175049269543173,-0.2484746559223287,201
naive_topj,False,0.9022743470045598,4.624537469490207,-1.0352570670286978,-0.28036377349494346,201
train_vault,False,,-0.15137035638606644,-0.955704894204319,-0.25881980333226845,201
verdict,False,,-0.15137035638606644,-0.955704894204319,-0.25881980333226845,201
naive_span,False,,14.607550420059392,-0.9175049269543173,-0.2484746559223287,201
split_verdict,False,,3.3869660091066396,0.3995769046407949,0.10821166293319978,201
naive_signflip,True,0.999999999729794,8.663260864889823,0.6493217185320903,0.1758464569021213,202
naive_rankls,True,0.9999999999992056,9.727231949440379,0.4912201462756215,0.13303008326409588,202
naive_greedy,True,0.9996092732117074,13.449484230400701,0.3564845741145652,0.09654158718119314,202
naive_topj,True,0.9725812051994621,4.773743114226577,-0.6885956773083245,-0.1864824579817301,202
train_vault,False,,-1.9957518560679999,0.3631773226932757,0.09835408796610996,202
verdict,False,,-1.9957518560679999,0.3631773226932757,0.09835408796610996,202
naive_span,False,,13.449484230400701,0.3564845741145652,0.09654158718119314,202
split_verdict,False,,2.548810884504177,0.6662744393022906,0.18043751830852242,202
naive_signflip,True,0.999999981324189,8.493712643370268,1.123798930693571,0.3043422922609212,203
naive_rankls,True,0.9999999993993738,8.995793745160716,1.3243097981513603,0.35864376502319495,203
naive_greedy,True,0.9997623848429678,14.805218110461404,0.47961371155306626,0.12988687957172435,203
naive_topj,True,0.9959173293855237,5.95347710743742,-0.3943002364225247,-0.10678265881405757,203
train_vault,True,,1.9313047226547604,0.4750484553273067,0.12865053692486972,203
verdict,False,,1.9313047226547604,0.4750484553273067,0.12865053692486972,203
naive_span,False,,14.805218110461404,0.47961371155306626,0.12988687957172435,203
split_verdict,False,,4.6633309268183725,-0.035211781476975096,-0.009535900058811608,203
naive_signflip,True,0.9999969385349397,7.331097669060012,0.49495623832752783,0.1340418753099143,204
naive_rankls,True,0.9999999999888118,9.455163388203939,1.1934243100004742,0.3231979317877548,204
naive_greedy,True,0.999999338853925,14.724015934596373,-0.3161278560467079,-0.08561235798418794,204
naive_topj,True,0.9688562689487059,5.153620274019975,0.8662984198608474,0.2346071344984708,204
train_vault,False,,-1.9051127141266198,-0.9634713245695316,-0.2609230739045005,204
verdict,False,,-1.9051127141266198,-0.9634713245695316,-0.2609230739045005,204
naive_span,False,,14.724015934596373,-0.3161278560467079,-0.08561235798418794,204
split_verdict,False,,2.9048028853855024,0.272157926651048,0.07370461475954619,204
naive_signflip,True,0.9999892439519229,6.618054372710922,-0.0031993704983109394,-0.0008664394712023615,205
naive_rankls,True,0.9999999595593483,7.6911031680548065,-0.298959021234928,-0.08096276952191614,205
naive_greedy,True,0.9988635135746784,13.28886209737311,0.509505162553665,0.13798195109035688,205
naive_topj,True,0.9936865610017823,5.39449367983391,-1.1009697278809911,-0.29815978778907404,205
train_vault,False,,-0.9306032889129713,-0.9500676164186908,-0.25729314051338603,205
verdict,False,,-0.9306032889129713,-0.9500676164186908,-0.25729314051338603,205
naive_span,False,,13.28886209737311,0.509505162553665,0.13798195109035688,205
split_verdict,False,,2.9374761823714026,0.24417138360318935,0.06612542204898939,205
naive_signflip,True,0.9999999513686839,8.291818089283325,1.4892429394398965,0.4033102341918105,206
naive_rankls,True,0.9999999999999788,10.753634390418396,0.9706719078046826,0.2628731042413766,206
naive_greedy,True,0.9999814291142253,16.154497693183558,0.19383279058302458,0.052492945303802,206
naive_topj,True,0.9950923711037406,6.193567904793367,0.27692967713045225,0.07499687927353961,206
train_vault,False,,-1.79813450559649,-0.31766050942957624,-0.08602742444407122,206
verdict,False,,-1.79813450559649,-0.31766050942957624,-0.08602742444407122,206
naive_span,False,,16.154497693183558,0.19383279058302458,0.052492945303802,206
split_verdict,False,,5.250201823666826,-0.5642693251338017,-0.1528129411528783,206
naive_signflip,True,0.9999999999253899,9.360728950266884,-0.6328412379519979,-0.1713832855105883,207
naive_rankls,True,0.999999999994188,10.045231189796892,-0.553556200493094,-0.1499116597747071,207
naive_greedy,True,0.9999994220860727,15.019096416065596,0.8381009609075235,0.22697082246844283,207
naive_topj,True,0.9815204534324578,5.492520889712551,-0.16595840391890163,-0.04494412629265488,207
train_vault,False,,-0.4947873967118519,-0.4317400014826432,-0.11692193160467547,207
verdict,False,,-0.4947873967118519,-0.4317400014826432,-0.11692193160467547,207
naive_span,False,,15.019096416065596,0.8381009609075235,0.22697082246844283,207
split_verdict,False,,3.4927040818045874,0.7030661290437713,0.19040128218678512,207
naive_signflip,True,0.9999999977708468,9.044221970515311,-0.10012207029950891,-0.02711461948273587,208
naive_rankls,True,0.9999999997919643,9.344862133059099,0.4003048271508543,0.10840879571135884,208
naive_greedy,True,0.9992684584953427,14.655833313413721,0.8068716623004681,0.21851344093498098,208
naive_topj,True,0.9940597712625702,5.781584825877972,-0.9885132155898834,-0.2677048088817517,208
train_vault,False,,0.9882368412545166,-1.9729641340541517,-0.5343094842918585,208
verdict,False,,0.9882368412545166,-1.9729641340541517,-0.5343094842918585,208
naive_span,False,,14.655833313413721,0.8068716623004681,0.21851344093498098,208
split_verdict,False,,5.0654319884651935,-0.5665851605663219,-0.15344010553681067,208
naive_signflip,True,0.9999991719341718,7.754342012547593,-1.7611359712225454,-0.47694311128614375,209
naive_rankls,True,0.9999999997476742,8.829286348840155,-1.7143693322296853,-0.4642779754476163,209
naive_greedy,True,0.9999860919484506,13.975517201247166,-0.9547681275701089,-0.25856611230535753,209
naive_topj,True,0.999013396967056,6.2148138435321405,-1.1345944260024907,-0.307265880901801,209
train_vault,False,,0.42909199466580616,-1.057696081389038,-0.2864406088433158,209
verdict,False,,0.42909199466580616,-1.057696081389038,-0.2864406088433158,209
naive_span,False,,13.975517201247166,-0.9547681275701089,-0.25856611230535753,209
split_verdict,False,,3.6533259522653245,-0.4993694258335614,-0.13523703537376539,209
naive_signflip,True,0.9999999999990746,9.921406975256534,-0.19172239932876547,-0.0519214184102035,210
naive_rankls,True,0.9999999999984307,9.807620459376341,-0.17070795694816276,-0.04623037939066062,210
naive_greedy,True,0.9909894127315122,14.055654105822494,0.7212862917835388,0.19533558666255604,210
naive_topj,True,0.9896715685588929,5.435865000435863,0.9143846420955843,0.24762963407680358,210
train_vault,False,,0.30211869089917587,1.3645674039141373,0.36954615306090066,210
verdict,False,,0.30211869089917587,1.3645674039141373,0.36954615306090066,210
naive_span,False,,14.055654105822494,0.7212862917835388,0.19533558666255604,210
split_verdict,False,,3.917501394306108,0.9865612280977577,0.2671761801995269,210
naive_signflip,True,0.9999715168663806,7.766209970473149,-1.0448143028142916,-0.2829520221284162,211
naive_rankls,True,0.9999999999999303,11.224572449879584,-1.4701334735497729,-0.3981350925414329,211
naive_greedy,True,0.9999999681854153,18.230600523836255,-0.5969502762733392,-0.16166345285156408,211
naive_topj,True,0.9988188543404092,6.795347184813358,-0.8191718195940282,-0.22184451552817497,211
train_vault,False,,1.1569382385472557,-0.34046607458923056,-0.09220352747053649,211
verdict,False,,1.1569382385472557,-0.34046607458923056,-0.09220352747053649,211
naive_span,False,,18.230600523836255,-0.5969502762733392,-0.16166345285156408,211
split_verdict,False,,6.113428718905292,-0.5030277132945072,-0.13622775672186854,211
naive_signflip,True,0.9999999999998663,10.00620919994586,-0.36617429895141373,-0.09916571591782047,212
naive_rankls,True,0.9999999999995852,9.883623794106137,-0.4270156727825302,-0.11564250964873975,212
naive_greedy,True,0.999874598407586,14.120542520670698,-0.0010546204106296172,-0.0002856076691922838,212
naive_topj,True,0.9825557128407809,5.1103482607057815,1.5070684246227388,0.4081376538244855,212
train_vault,False,,-0.8190114886301173,1.6751697244949586,0.453662109790623,212
verdict,False,,-0.8190114886301173,1.6751697244949586,0.453662109790623,212
naive_span,False,,14.120542520670698,-0.0010546204106296172,-0.0002856076691922838,212
split_verdict,False,,3.6724990858460216,0.40245588306407176,0.10899133522935427,212
naive_signflip,True,0.9999999999998251,10.513351639080204,1.2527154275592152,0.3392548919215417,213
naive_rankls,True,0.9999999999999993,11.258749727378284,0.943564983261865,0.2555321259523036,213
naive_greedy,True,0.9999767697146928,16.446224193193988,0.9910014554021049,0.26837866306283636,213
naive_topj,True,0.9953753815440441,5.919941261785231,-0.06159443182690836,-0.016680733590964586,213
train_vault,False,,0.6090346048338974,0.5806673906792132,0.15725379326657035,213
verdict,False,,0.6090346048338974,0.5806673906792132,0.15725379326657035,213
naive_span,False,,16.446224193193988,0.9910014554021049,0.26837866306283636,213
split_verdict,False,,5.232809990238165,0.12048638558646346,0.032629593937223776,213
naive_signflip,True,0.9999999999571397,9.484184926121324,-0.7956511570225681,-0.21547475296034985,214
naive_rankls,True,1.0,11.708286178163542,-1.4181588958765556,-0.38405956561545707,214
naive_greedy,True,0.9998397779475169,16.18867499606613,0.5748890036219843,0.15568891585430714,214
naive_topj,True,0.960100638081256,5.232295699590747,1.1763080805826294,0.31856258968729934,214
train_vault,False,,-0.5390510421378825,1.7392582797523928,0.4710182909383489,214
verdict,False,,-0.5390510421378825,1.7392582797523928,0.4710182909383489,214
naive_span,False,,16.18867499606613,0.5748890036219843,0.15568891585430714,214
split_verdict,False,,3.9146168874053773,1.2958488438663405,0.3509360943443393,214
naive_signflip,True,0.999999356371773,7.938191477447574,0.014134997781404215,0.0038279780380647095,215
naive_rankls,True,0.9999999344413558,8.374381336806815,-0.16071479494448657,-0.04352407513278368,215
naive_greedy,True,0.999996434261062,15.198994707754839,-0.3595496173485749,-0.09737164873245449,215
naive_topj,False,0.9118691119692544,5.001056510272219,-0.24218158908124254,-0.06558655463294391,215
train_vault,False,,-0.43697691513845227,-0.5516069844288544,-0.1493837816384142,215
verdict,False,,-0.43697691513845227,-0.5516069844288544,-0.1493837816384142,215
naive_span,False,,15.198994707754839,-0.3595496173485749,-0.09737164873245449,215
split_verdict,False,,4.547251114702591,-0.3755505373125811,-0.10170494762349698,215
naive_signflip,True,0.9994389004535775,6.147260314846966,-0.07382907716700308,-0.01999406652455778,216
naive_rankls,True,0.9999997976595641,7.852812916995718,0.3066119967410495,0.08303531474734384,216
naive_greedy,True,0.9993075407838474,14.073492614709647,-0.5633501510291175,-0.15256401445757184,216
naive_topj,False,0.9226330395319283,4.387065707967242,0.8537336271107617,0.23120439249284844,216
train_vault,False,,0.37404171944863773,0.1834653645357511,0.049685284500881076,216
verdict,False,,0.37404171944863773,0.1834653645357511,0.049685284500881076,216
naive_span,False,,14.073492614709647,-0.5633501510291175,-0.15256401445757184,216
split_verdict,False,,3.2408984394197504,-1.1734659738862379,-0.317792902830331,216
naive_signflip,True,0.9999999999999999,11.372628361611795,0.16980106644264395,0.04598477928574779,217
naive_rankls,True,0.9999999999999871,11.13420624804619,0.15747867672491905,0.0426476838050551,217
naive_greedy,True,0.9999993194648844,16.200160728180393,-0.44649055942481525,-0.12091661294280202,217
naive_topj,False,0.9386325069767674,4.802057110514988,-1.0653639632948968,-0.2885171909544723,217
train_vault,False,,-1.230054185040989,-1.0362936266112766,-0.2806444900099809,217
verdict,False,,-1.230054185040989,-1.0362936266112766,-0.2806444900099809,217
naive_span,False,,16.200160728180393,-0.44649055942481525,-0.12091661294280202,217
split_verdict,False,,3.0718899757067146,-0.1756948078098802,-0.04758089644577274,217
naive_signflip,True,0.9998699380901195,6.518259837287044,-0.2799411916714794,-0.07581244441919038,218
naive_rankls,True,0.9999999998367598,8.91966107337167,0.5499762220987463,0.14894214574419642,218
naive_greedy,True,0.9998725730749309,14.091066056780624,1.2637033581586874,0.34223059504290293,218
naive_topj,True,0.9999188206199574,6.874334120264861,-0.4476193210193378,-0.12122229920189206,218
train_vault,False,,0.8663459866626885,-0.544979362763369,-0.14758891823819092,218
verdict,False,,0.8663459866626885,-0.544979362763369,-0.14758891823819092,218
naive_span,False,,14.091066056780624,1.2637033581586874,0.34223059504290293,218
split_verdict,False,,6.015248571436339,0.08871986265446576,0.024026723670817134,218
naive_signflip,True,0.9999988929506075,7.377487026565091,0.15142341165520315,0.04100782350511028,219
naive_rankls,True,0.9999999998581977,9.138108369850531,0.15448226968138842,0.041836210005545375,219
naive_greedy,True,0.9990397054839273,14.040641517675189,-0.3905225652946093,-0.10575960650543142,219
naive_topj,False,0.9042511704400505,4.132196850665084,0.03323878979291667,0.009001583113548553,219
train_vault,False,,-0.19982070773714553,-0.10471162819912481,-0.028357543402205403,219
verdict,False,,-0.19982070773714553,-0.10471162819912481,-0.028357543402205403,219
naive_span,False,,14.040641517675189,-0.3905225652946093,-0.10575960650543142,219
split_verdict,False,,2.299514025717158,0.6291134031308654,0.17037372965175387,219
naive_signflip,True,0.9999999310008904,7.964619104486292,-0.3198274379900771,-0.08661426252271354,220
naive_rankls,True,0.9999999948196282,8.556580968412137,0.2048809129747348,0.055484949302059175,220
naive_greedy,True,0.9999941568351297,14.90164130100817,1.369403474542736,0.3708558364752949,220
naive_topj,False,0.9451621049666799,4.938823897347954,0.5599813113388752,0.15165168008388177,220
train_vault,False,,0.2780724479100184,1.2228535278497599,0.33116782335382877,220
verdict,False,,0.2780724479100184,1.2228535278497599,0.33116782335382877,220
naive_span,False,,14.90164130100817,1.369403474542736,0.3708558364752949,220
split_verdict,True,,4.557768202138074,0.05878036671189603,0.015918640831946048,220
naive_signflip,True,0.9999999996663805,8.765640369293756,-1.527322673984159,-0.4136228207082755,221
naive_rankls,True,0.999999999999854,9.847993759703805,-1.3903037144478692,-0.3765159476818484,221
naive_greedy,True,0.9997893143739076,14.82510334468187,-0.23709906827237776,-0.06421012866279363,221
naive_topj,True,0.992628491529821,5.659981058225092,1.1925361251768223,0.32295739747347607,221
train_vault,False,,-0.8341815976581997,0.10517326323434524,0.028482561375589865,221
verdict,False,,-0.8341815976581997,0.10517326323434524,0.028482561375589865,221
naive_span,False,,14.82510334468187,-0.23709906827237776,-0.06421012866279363,221
split_verdict,False,,3.174983892660515,-0.4139592350770188,-0.11210662251490446,221
naive_signflip,True,0.9999999925335076,8.3812767479759,1.1187832187206266,0.30298395916638415,222
naive_rankls,True,0.9999999998766297,9.139099202083024,1.0059199515501884,0.2724188246885387,222
naive_greedy,True,0.9996685218554873,14.25629651533058,-0.5177399877350609,-0.1402120702901743,222
naive_topj,True,0.9982252524747978,5.891186855898622,-0.8949330604922849,-0.24236184215107637,222
train_vault,False,,-0.3209994286709609,-0.38095035761058027,-0.10316730324816008,222
verdict,False,,-0.3209994286709609,-0.38095035761058027,-0.10316730324816008,222
naive_span,False,,14.25629651533058,-0.5177399877350609,-0.1402120702901743,222
split_verdict,False,,2.463224435784988,0.4520069206337574,0.1224105296652824,222
naive_signflip,True,0.9999999999993715,10.134470835443304,-0.39302400392960873,-0.10643703513375011,223
naive_rankls,True,0.9999999999994085,10.108953777522881,-0.3734176255196497,-0.10112732181649388,223
naive_greedy,True,0.9997892793324641,15.424378005806908,-0.743499986633903,-0.20135140197052406,223
naive_topj,True,0.9961059450845487,5.987254400202454,0.771278758940104,0.208874327121063,223
train_vault,False,,0.03722909680621361,1.1757403315813557,0.31840883439553214,223
verdict,False,,0.03722909680621361,1.1757403315813557,0.31840883439553214,223
naive_span,False,,15.424378005806908,-0.743499986633903,-0.20135140197052406,223
split_verdict,False,,4.555820063222541,0.31761267593483405,0.0860144703870428,223
naive_signflip,True,0.9999999994815848,8.603216449493527,-0.04117662256197257,-0.011151272132230362,224
naive_rankls,True,0.999999999980018,9.3692396590436,-0.49830917287629856,-0.13494990232302412,224
naive_greedy,True,0.9993902593645642,14.120940473754695,-1.0960461760535998,-0.29682641310051755,224
naive_topj,True,0.9792115261981709,4.97306782254283,-0.956312237377612,-0.25898428134385987,224
train_vault,False,,-1.0068804790440273,0.03386668390442929,0.009171626639997673,224
verdict,False,,-1.0068804790440273,0.03386668390442929,0.009171626639997673,224
naive_span,False,,14.120940473754695,-1.0960461760535998,-0.29682641310051755,224
split_verdict,False,,2.763830073533667,-0.8224235717799921,-0.22272514077804056,224
naive_signflip,True,0.9999999999738438,9.337780717377047,-0.2614945256221458,-0.07081679931160778,225
naive_rankls,True,0.9999999999976339,9.885339642219696,1.1095623567237813,0.30048680580549814,225
naive_greedy,True,0.9996652557232608,15.240979688464458,0.5624608420524235,0.15232317570510198,225
naive_topj,False,0.8946247440481307,4.374221789269402,1.1199826463729832,0.30330878289699054,225
train_vault,False,,-0.16089288613950822,-0.015490855647978459,-0.004195165512463298,225
verdict,False,,-0.16089288613950822,-0.015490855647978459,-0.004195165512463298,225
naive_span,False,,15.240979688464458,0.5624608420524235,0.15232317570510198,225
split_verdict,False,,2.9503360606714724,1.9600984737023395,0.5308252626433253,225
naive_signflip,True,0.9999999997590304,9.537188119206837,-0.8356719258968442,-0.22631300187176734,226
naive_rankls,True,0.9999999992675572,9.197436048265944,-0.7595144603730254,-0.2056883714354343,226
naive_greedy,True,0.9999364118256224,15.753141142910785,-0.1358605787550673,-0.03679316542924091,226
naive_topj,True,0.9959721792265159,5.952439433409904,-0.2824799702334365,-0.07649998528258314,226
train_vault,False,,0.123937015419757,-0.020883191592589945,-0.005655494257402732,226
verdict,False,,0.123937015419757,-0.020883191592589945,-0.005655494257402732,226
naive_span,False,,15.753141142910785,-0.1358605787550673,-0.03679316542924091,226
split_verdict,False,,5.102211845116642,-0.8134745833494997,-0.2203016150227067,226
naive_signflip,True,0.9999772717206566,6.555021765879751,-0.0448678700019977,-0.012150919557153767,227
naive_rankls,True,0.9999999977555175,8.333375560509648,0.39596300308084825,0.10723296197992455,227
naive_greedy,True,0.9854050213969492,12.836232767387125,-0.2664743382038699,-0.07216541029063438,227
naive_topj,True,0.991729891526427,5.329616629810901,0.029335010924356232,0.007944378860289312,227
train_vault,False,,0.5764368312522328,-0.20598414860978187,-0.05578372273287828,227
verdict,False,,0.5764368312522328,-0.20598414860978187,-0.05578372273287828,227
naive_span,False,,12.836232767387125,-0.2664743382038699,-0.07216541029063438,227
split_verdict,False,,2.2298422592569316,0.19093387717265461,0.05170787430196948,227
naive_signflip,True,0.9999999941915119,8.419601757173899,-0.6099693857997757,-0.16518923093183535,228
naive_rankls,True,0.9999999999983483,9.786849562969664,-0.5198332786700498,-0.14077896615038865,228
naive_greedy,True,0.9997940347017458,13.41303104008237,0.3607399496853228,0.09769400930962159,228
naive_topj,True,0.9898125599244068,5.386786058434086,-1.1448761357417812,-0.31005032839053986,228
train_vault,False,,-0.8914840260288817,0.20093092034891116,0.05441522964196396,228
verdict,False,,-0.8914840260288817,0.20093092034891116,0.05441522964196396,228
naive_span,False,,13.41303104008237,0.3607399496853228,0.09769400930962159,228
split_verdict,False,,3.5462422849476565,-0.9221205657075838,-0.24972464294407337,228
naive_signflip,True,0.9999999817724718,8.820857176562562,-1.1297487874152525,-0.305953606334857,229
naive_rankls,True,0.9999999448313885,8.53424466834434,-1.2738894873844602,-0.34498915783662654,229
naive_greedy,True,0.9939934443172341,14.988103879723997,-0.8791723696099037,-0.2380936010451702,229
naive_topj,True,0.9958028245077947,5.830029173892153,-0.07644407568851742,-0.02070224894274661,229
train_vault,False,,0.19289190458790284,-0.21565415724030423,-0.05840251201307429,229
verdict,False,,0.19289190458790284,-0.21565415724030423,-0.05840251201307429,229
naive_span,False,,14.988103879723997,-0.8791723696099037,-0.2380936010451702,229
split_verdict,False,,3.2129867470992317,0.7165428437883588,0.1940509869030754,229
naive_signflip,True,0.9999999998377781,9.070991920330687,-0.4002043041277734,-0.10838157250760427,230
naive_rankls,True,0.9999999998853449,9.276742595339512,-0.2528818596416862,-0.06848435492553508,230
naive_greedy,True,0.9998645944899706,14.10978605550855,0.404366774551018,0.1095088344718924,230
naive_topj,True,0.9506714060876787,4.509972432193359,0.14020194700086067,0.03796887571636326,230
train_vault,False,,-1.1770502844867934,-0.5445853058526365,-0.1474822014757719,230
verdict,False,,-1.1770502844867934,-0.5445853058526365,-0.1474822014757719,230
naive_span,False,,14.10978605550855,0.404366774551018,0.1095088344718924,230
split_verdict,False,,3.439229364655024,-0.9976304157727652,-0.2701738890053174,230
naive_signflip,True,0.9999999998001883,8.627950937284586,-0.07297959369083735,-0.01976401313928316,231
naive_rankls,True,0.9999999999807434,9.145806559715577,0.14929336757008546,0.04043097431814634,231
naive_greedy,True,0.9995104262027743,13.97340745765856,0.16339869323720102,0.044250916684497724,231
naive_topj,True,0.9958737726097098,5.567694787699597,-0.37500302804102476,-0.10155667356646729,231
train_vault,False,,-0.7179666825379097,0.5491567060045568,0.14872020799373387,231
verdict,False,,-0.7179666825379097,0.5491567060045568,0.14872020799373387,231
naive_span,False,,13.97340745765856,0.16339869323720102,0.044250916684497724,231
split_verdict,False,,4.226956819787781,0.07883284652077334,0.021349165371405347,231
naive_signflip,True,0.999999821324738,7.596065908695368,-1.6318712459886617,-0.4419362059477675,232
naive_rankls,True,0.9999997502201468,7.5653348328704535,-1.860962103063647,-0.5039775860149206,232
naive_greedy,True,0.9999421166433644,12.061014596964787,0.5454603050203367,0.14771916490859874,232
naive_topj,True,0.951476230705535,4.41859486950794,-0.3230804756679109,-0.08749523590384325,232
train_vault,False,,-0.8125752142087246,0.4649520091602987,0.1259162617033585,232
verdict,False,,-0.8125752142087246,0.4649520091602987,0.1259162617033585,232
naive_span,False,,12.061014596964787,0.5454603050203367,0.14771916490859874,232
split_verdict,False,,2.8794255016986123,-0.4945170321785625,-0.1339229314290292,232
naive_signflip,True,0.9999999996738257,8.96235594500155,0.3309632648861816,0.08963001826977551,233
naive_rankls,True,0.9999999999411804,9.176324195062614,0.24029771806214645,0.06507637295487292,233
naive_greedy,True,0.9994996929771289,13.650859770186,-0.9770837300497915,-0.2646095257900621,233
naive_topj,True,0.9641689658175148,4.709695096284704,0.1167792336734609,0.03162563933275877,233
train_vault,False,,0.2025011095735676,0.01125064881296453,0.003046851314449133,233
verdict,False,,0.2025011095735676,0.01125064881296453,0.003046851314449133,233
naive_span,False,,13.650859770186,-0.9770837300497915,-0.2646095257900621,233
split_verdict,False,,3.1946491618087647,1.261299469389236,0.3415795844408697,233
naive_signflip,True,0.9999996616264906,8.21816387992513,0.5683867010180498,0.15392799081210742,234
naive_rankls,True,0.9999999974270986,8.939487198646043,0.37472386217481524,0.10148107109228556,234
naive_greedy,True,0.9997338480464525,14.983216349296054,1.5979392806512243,0.43274690007670713,234
naive_topj,True,0.9954004977602503,6.0284450248179855,-0.40565472558409665,-0.10985763171579534,234
train_vault,False,,-0.06161296939716595,1.0725068522450163,0.2904515967783886,234
verdict,False,,-0.06161296939716595,1.0725068522450163,0.2904515967783886,234
naive_span,False,,14.983216349296054,1.5979392806512243,0.43274690007670713,234
split_verdict,False,,3.7817771730150227,-0.7081757967873682,-0.19178505997060827,234
naive_signflip,True,0.9999999999351322,9.52506626988362,-1.0132369008174704,-0.27440036876332,235
naive_rankls,True,0.9999999998807351,9.591499201558939,-1.4093565212152577,-0.3816757451573743,235
naive_greedy,True,0.9999998655414432,14.664643149924276,-0.2713206283931458,-0.07347786132158131,235
naive_topj,False,0.9070526423869845,4.728802126640854,0.1710846639568914,0.046332397528795415,235
train_vault,False,,0.3204500954125606,0.34278002016896153,0.09283018005283404,235
verdict,False,,0.3204500954125606,0.34278002016896153,0.09283018005283404,235
naive_span,False,,14.664643149924276,-0.2713206283931458,-0.07347786132158131,235
split_verdict,False,,3.127543510973412,0.8437072127933593,0.22848908298936568,235
naive_signflip,True,0.9999999969826812,8.971116409337542,0.5437177603576969,0.147247256613876,236
naive_rankls,True,0.9999999993819119,9.161587478162494,0.4402360048873335,0.11922278194419683,236
naive_greedy,True,0.999999047252141,14.656312270807637,-0.6103929896523386,-0.1653039494673121,236
naive_topj,True,0.9837802051075669,5.378266324137423,0.3835554557017311,0.10387280447526669,236
train_vault,False,,1.1123793133162219,-0.31443296847601504,-0.08515335597386313,236
verdict,False,,1.1123793133162219,-0.31443296847601504,-0.08515335597386313,236
naive_span,False,,14.656312270807637,-0.6103929896523386,-0.1653039494673121,236
split_verdict,False,,4.925499715666576,-0.47223468971120447,-0.12788852527483102,236
naive_signflip,True,0.9999999985514187,8.786517575224877,-0.7488959870387096,-0.20281272310848436,237
naive_rankls,True,0.9999999994617614,8.91278587999564,-0.7684832854536722,-0.20811726926526825,237
naive_greedy,True,0.9999583546912809,14.554172212658512,-1.7457731307577617,-0.4727826142835301,237
naive_topj,True,0.9598651804134306,4.796069532228392,-1.2501382061022865,-0.33855694012212,237
train_vault,False,,0.8857740697067973,-0.2614195378924562,-0.07079649146389423,237
verdict,False,,0.8857740697067973,-0.2614195378924562,-0.07079649146389423,237
naive_span,False,,14.554172212658512,-1.7457731307577617,-0.4727826142835301,237
split_verdict,False,,4.452286200141341,-1.036003797219806,-0.2805659996867072,237
naive_signflip,True,0.9999999943306929,8.163006896962823,-0.3606819460768468,-0.09767830102704467,238
naive_rankls,True,0.9999999999983489,9.468935152903978,0.13366310360143446,0.03619805485636442,238
naive_greedy,True,0.9995362122533988,13.227253310410195,-0.38810425123234876,-0.1051046893089353,238
naive_topj,True,0.9804276809518717,4.9991069813356415,-0.41053464513970256,-0.11117919010407873,238
train_vault,False,,-0.6749205892591466,-0.39382694822573205,-0.10665448498262049,238
verdict,False,,-0.6749205892591466,-0.39382694822573205,-0.10665448498262049,238
naive_span,False,,13.227253310410195,-0.38810425123234876,-0.1051046893089353,238
split_verdict,False,,2.3436832575897064,-0.0061697866776448665,-0.0016708745389857791,238
naive_signflip,True,0.9999999999406552,9.777668497521661,0.9472737340450076,0.25653651355575996,239
naive_rankls,True,0.9999999999995275,10.457793117864325,0.724700706496967,0.19626026346392372,239
naive_greedy,True,0.9981110031472213,13.893870740645024,1.128181463303823,0.30552915050049,239
naive_topj,True,0.9924394344298463,5.455048313435998,0.9360332162782341,0.253492405886759,239
train_vault,False,,0.5510811139149495,1.3673575802857802,0.37030177637532574,239
verdict,False,,0.5510811139149495,1.3673575802857802,0.37030177637532574,239
naive_span,False,,13.893870740645024,1.128181463303823,0.30552915050049,239
split_verdict,False,,3.1672593902139616,1.1679320853683652,0.3162942394390015,239
naive_signflip,True,0.9999999996889127,8.935366398661936,1.0273855122769209,0.27823203359790105,240
naive_rankls,True,0.9999999999999928,10.450463896374874,0.46191864790698606,0.1250947801270067,240
naive_greedy,True,0.9999085556117141,15.619391999587124,0.18430193797516867,0.04991184164668634,240
naive_topj,True,0.9884653121615412,5.514103886689885,-0.52777240790253,-0.14292900627160277,240
train_vault,False,,-0.6898146440074902,-0.34925426628952255,-0.0945835069613913,240
verdict,False,,-0.6898146440074902,-0.34925426628952255,-0.0945835069613913,240
naive_span,False,,15.619391999587124,0.18430193797516867,0.04991184164668634,240
split_verdict,False,,4.067034141355059,-0.749344920474506,-0.20293430129048043,240
naive_signflip,True,0.999999789582162,8.648304955726713,0.43632730658412056,0.11816424543124426,241
naive_rankls,True,0.999999999999798,10.874229089119554,-0.026045897975282575,-0.007053635732594431,241
naive_greedy,True,0.9999999160373666,16.721902408751284,0.14605830512705723,0.03955486891118463,241
naive_topj,True,0.9988638846289173,6.826286933689801,0.10049336811849187,0.027215172727853315,241
train_vault,False,,0.9298949092466854,-0.5608227216566621,-0.15187954713185023,241
verdict,False,,0.9298949092466854,-0.5608227216566621,-0.15187954713185023,241
naive_span,False,,16.721902408751284,0.14605830512705723,0.03955486891118463,241
split_verdict,False,,5.24334856707888,0.20851341721502498,0.056468688151548145,241
naive_signflip,True,0.9999999999972733,9.803691891115212,-1.060044166511383,-0.287076506946651,242
naive_rankls,True,0.9999999999963062,9.773479977227142,-0.861732624231356,-0.23337064577266575,242
naive_greedy,True,0.9999706975204307,14.734240397079674,-0.05482120493982576,-0.014846438023922347,242
naive_topj,True,0.9912300030962446,5.605854301968247,-0.10300929741053311,-0.027896525652289415,242
train_vault,False,,-0.5758954689082344,0.919850001650346,0.24910973875522657,242
verdict,False,,-0.5758954689082344,0.919850001650346,0.24910973875522657,242
naive_span,False,,14.734240397079674,-0.05482120493982576,-0.014846438023922347,242
split_verdict,False,,4.000035892158099,-0.3564110067610978,-0.09652166399353179,242
naive_signflip,True,0.9984411254242318,5.257273325106217,0.8566804444830195,0.23200243663531236,243
naive_rankls,True,0.9999999987970329,8.484313637561183,1.6986640311447971,0.46002473476347283,243
naive_greedy,True,0.9954673142216015,13.218095267451375,0.10965535822030005,0.02969638266060817,243
naive_topj,False,0.9472909637257354,4.300240691801902,-0.7915922101248711,-0.21437552678272032,243
train_vault,False,,-1.5526870859052884,0.28580555815259867,0.07740060640153046,243
verdict,False,,-1.5526870859052884,0.28580555815259867,0.07740060640153046,243
naive_span,False,,13.218095267451375,0.10965535822030005,0.02969638266060817,243
split_verdict,False,,0.6292142725738902,1.5205455666433811,0.411787474253801,243
naive_signflip,True,0.9999999917388334,8.288368819241134,2.155525727001382,0.5837500133392343,244
naive_rankls,True,0.9999999953931591,8.38987430249638,1.9025090163292362,0.5152291386497068,244
naive_greedy,True,0.9998345546777639,13.145613202079685,1.9326265433099588,0.5233854350726677,244
naive_topj,True,0.9830057163360213,5.036689478784189,2.481863223092734,0.672127301213886,244
train_vault,False,,0.6719508850064178,1.622397575775842,0.43937058817581065,244
verdict,False,,0.6719508850064178,1.622397575775842,0.43937058817581065,244
naive_span,False,,13.145613202079685,1.9326265433099588,0.5233854350726677,244
split_verdict,False,,3.733757042381274,2.363538489603045,0.6400831164065649,244
naive_signflip,True,0.9999994597309926,7.8649808631574025,-0.933763722289547,-0.2528777914891788,245
naive_rankls,True,0.9999999990282619,8.999915337298175,-0.7903328862846689,-0.2140344822295017,245
naive_greedy,True,0.9999970765556158,15.901218140238884,-0.05456204638509269,-0.01477625384199061,245
naive_topj,True,0.9969281107485596,6.228705241169788,-1.5142883540039345,-0.4100929233996923,245
train_vault,False,,-0.3850379868376819,1.1499414776546126,0.31142210204749204,245
verdict,False,,-0.3850379868376819,1.1499414776546126,0.31142210204749204,245
naive_span,False,,15.901218140238884,-0.05456204638509269,-0.01477625384199061,245
split_verdict,False,,3.7442223481951973,0.9031884496295088,0.24459753039112303,245
naive_signflip,True,0.9963445782441925,5.8015328707431895,-0.8430893457978399,-0.22832175496244483,246
naive_rankls,True,0.9999994223724107,7.972244096467374,-0.8062395687596702,-0.21834226013753077,246
naive_greedy,True,0.9993375076281266,14.146084883784441,-1.3991529593263592,-0.37891246132636286,246
naive_topj,True,0.9911844204957677,5.7564107367193085,-0.7834443513777628,-0.21216895945080202,246
train_vault,False,,1.0914794775005134,1.1961900902931926,0.3239469482631989,246
verdict,False,,1.0914794775005134,1.1961900902931926,0.3239469482631989,246
naive_span,False,,14.146084883784441,-1.3991529593263592,-0.37891246132636286,246
split_verdict,False,,3.869219059814305,-1.322911126003929,-0.358264982773235,246
naive_signflip,True,0.9999999797863601,8.05485448744411,-0.48537171447864497,-0.13144623664295255,247
naive_rankls,True,0.9999999979393854,8.430608407901914,-0.5347169249165851,-0.14480968987876558,247
naive_greedy,True,0.9999627548531038,13.724033479592896,0.9737136757024379,0.2636968624682662,247
naive_topj,True,0.9878853367401532,5.28222022322048,0.6854467325345193,0.18562967458383928,247
train_vault,False,,-0.40062664690277755,-0.7836919743643083,-0.21223601962080524,247
verdict,False,,-0.40062664690277755,-0.7836919743643083,-0.21223601962080524,247
naive_span,False,,13.724033479592896,0.9737136757024379,0.2636968624682662,247
split_verdict,False,,2.92696799522282,1.6859507215893017,0.45658177208868705,247
naive_signflip,True,0.9996124985744924,6.833891799729392,-0.44073725286656973,-0.11935852772115514,248
naive_rankls,True,0.9999435913064926,7.318749253199632,0.6719366934057128,0.1819709451041288,248
naive_greedy,True,0.999047019484894,14.354286308191954,-0.7117329455970531,-0.19274839139323613,248
naive_topj,False,0.9096940652626374,4.6925531994481595,-0.11253648490427416,-0.03047663673929254,248
train_vault,False,,0.12214978647720187,-0.6807418635698071,-0.18435552262800495,248
verdict,False,,0.12214978647720187,-0.6807418635698071,-0.18435552262800495,248
naive_span,False,,14.354286308191954,-0.7117329455970531,-0.19274839139323613,248
split_verdict,False,,3.346330294688233,1.4509811125509593,0.3929483342260551,248
naive_signflip,True,0.9999982644123033,7.162411243084948,1.063706724121273,0.28806838471774276,249
naive_rankls,True,0.9999953289562413,7.096111291017464,1.0393172016378456,0.2814633213233733,249
naive_greedy,True,0.9992797554164858,13.383151513006661,-0.5024067502229176,-0.13605959022921996,249
naive_topj,False,0.9455052578411547,4.319703675024129,0.0588577453899096,0.015939596185787,249
train_vault,False,,0.1403791127647932,-1.2814854421386805,-0.34704626095237956,249
verdict,False,,0.1403791127647932,-1.2814854421386805,-0.34704626095237956,249
naive_span,False,,13.383151513006661,-0.5024067502229176,-0.13605959022921996,249
split_verdict,False,,3.675975661097784,-0.5056383448857197,-0.13693475650716644,249
naive_signflip,True,0.9999570440854901,6.720332516383803,-0.9969984433019784,-0.2700027409955161,250
naive_rankls,True,0.9999999999999774,10.542378944423236,-1.2136230139097344,-0.32866805609606853,250
naive_greedy,True,0.9999624682207742,15.059871416428592,-0.41471980985646606,-0.11231259803729614,250
naive_topj,False,0.9385242261699814,4.769174377004197,-0.14197836937442257,-0.03844995862401449,250
train_vault,False,,0.033496593706733385,0.08807040760201898,0.023850841105009655,250
verdict,False,,0.033496593706733385,0.08807040760201898,0.023850841105009655,250
naive_span,False,,15.059871416428592,-0.41471980985646606,-0.11231259803729614,250
split_verdict,False,,2.6416669666463104,-0.3213671137587648,-0.08703123075429194,250
naive_signflip,True,0.999999999968717,9.232894015664248,1.4574661673911729,0.3947045883046119,251
naive_rankls,True,0.9999999999700712,9.292546707912923,1.457592019105668,0.3947386709133672,251
naive_greedy,True,0.9997153994370488,13.179671230804054,1.4609783465634765,0.39565574124748776,251
naive_topj,True,0.9691870446572758,4.757424215686613,0.1839084883231454,0.04980528933940472,251
train_vault,False,,0.3918755471426688,-1.0004041468488245,-0.27092505867699723,251
verdict,False,,0.3918755471426688,-1.0004041468488245,-0.27092505867699723,251
naive_span,False,,13.179671230804054,1.4609783465634765,0.39565574124748776,251
split_verdict,False,,3.3445547725721303,0.15261485969928842,0.04133048623323987,251
naive_signflip,True,0.9999999986353171,9.11965414570136,0.7950092997335267,0.21530092798746908,252
naive_rankls,True,0.9999999999878459,9.754386805338306,0.8903762815772196,0.24112779529228345,252
naive_greedy,True,0.9999661057559475,14.338828217043375,1.7876518926216205,0.4841240366986857,252
naive_topj,True,0.976429088315495,5.266295408700102,0.11321862162083297,0.030661370009882786,252
train_vault,True,,2.151130682973327,-0.32734102064461135,-0.08864905798809235,252
verdict,False,,2.151130682973327,-0.32734102064461135,-0.08864905798809235,252
naive_span,False,,14.338828217043375,1.7876518926216205,0.4841240366986857,252
split_verdict,False,,4.4379906849444355,0.6654644974109306,0.18021817340163368,252
naive_signflip,True,0.9999999989537267,8.823654481010076,-0.6766923268772324,-0.18325884488081018,253
naive_rankls,True,0.9999999989560945,8.851636847187203,-0.5511429671352763,-0.1492581185122809,253
naive_greedy,True,0.9929098135410318,14.020745240765125,-0.19359792925379773,-0.052429341189802504,253
naive_topj,True,0.9800163351157981,4.979414125267902,0.9835748683779912,0.26636742737212515,253
train_vault,False,,-0.293849967353279,0.9068844099080802,0.24559845412628933,253
verdict,False,,-0.293849967353279,0.9068844099080802,0.24559845412628933,253
naive_span,False,,14.020745240765125,-0.19359792925379773,-0.052429341189802504,253
split_verdict,False,,4.238696220310231,0.8192253027030414,0.2218589995889351,253
naive_signflip,True,0.999999993976689,8.411436928041713,0.9642925240471323,0.2611454675414674,254
naive_rankls,True,0.9999999994856109,8.672198929926282,0.4041552893169063,0.10945156096933696,254
naive_greedy,True,0.9999961430200704,14.824577354748357,-0.4951638151491729,-0.13409809035336578,254
naive_topj,True,0.9849441349396358,5.213766326446796,-1.4237661289732522,-0.38557809186359715,254
train_vault,False,,-0.9153635910757589,-0.7933731379147684,-0.214857829827442,254
verdict,False,,-0.9153635910757589,-0.7933731379147684,-0.214857829827442,254
naive_span,False,,14.824577354748357,-0.4951638151491729,-0.13409809035336578,254
split_verdict,False,,2.8887480050573284,-1.1581254812660922,-0.31363845797288176,254
naive_signflip,True,0.9999999188697364,8.091114306230592,-0.6756246886846831,-0.18296971179307425,255
naive_rankls,True,0.9999999980105233,8.560686441640652,-1.8070574243492123,-0.4893793575992604,255
naive_greedy,True,0.9974097885104591,12.843266947614858,-0.4454053969829599,-0.12062273401481098,255
naive_topj,True,0.9901270656576863,5.429817970677119,0.11695852567816215,0.03167419440627282,255
train_vault,False,,0.5711815058448865,1.5456153369267656,0.41857675937065997,255
verdict,False,,0.5711815058448865,1.5456153369267656,0.41857675937065997,255
naive_span,False,,12.843266947614858,-0.4454053969829599,-0.12062273401481098,255
split_verdict,False,,4.05951141336609,0.7671231155296654,0.20774891401840828,255
naive_signflip,True,0.999999999999923,10.192378577537989,-0.7875008204526809,-0.2132675145953457,256
naive_rankls,True,0.9999999999999887,10.420459330469662,-0.9137450056585957,-0.2474564105453249,256
naive_greedy,True,0.9997215412348739,14.740267848998979,-1.1320579800825998,-0.306578971754291,256
naive_topj,True,0.993511885930607,5.46780802766309,-1.5489299480467025,-0.4194744078010358,256
train_vault,False,,0.3721526241014031,-0.20333398206295417,-0.05506601626448276,256
verdict,False,,0.3721526241014031,-0.20333398206295417,-0.05506601626448276,256
naive_span,False,,14.740267848998979,-1.1320579800825998,-0.306578971754291,256
split_verdict,False,,4.220233009962446,-0.8149768910617505,-0.220708463401309,256
naive_signflip,True,0.9999999982804637,8.776553378751636,2.2364664882336704,0.6056700349178057,257
naive_rankls,True,0.9999999992310852,8.797060736165621,2.2785755754966566,0.6170738330462867,257
naive_greedy,True,0.9999222789645545,14.564352287026214,0.47861195137862306,0.129615587279608,257
naive_topj,True,0.9845934088545517,5.323756353866145,1.197779805627605,0.3243774679902633,257
train_vault,False,,-0.3176297334047118,-0.7409311396783194,-0.2006557181167876,257
verdict,False,,-0.3176297334047118,-0.7409311396783194,-0.2006557181167876,257
naive_span,False,,14.564352287026214,0.47861195137862306,0.129615587279608,257
split_verdict,False,,3.8062185141459275,-0.23318739190377732,-0.06315078564324832,257
naive_signflip,True,0.9999999095190502,8.260901536398478,-0.0873095065774419,-0.02364477723034432,258
naive_rankls,True,0.9999999277605556,8.303264898804,-0.029032268067876416,-0.007862391369119677,258
naive_greedy,True,0.9999682602094688,15.770156675610474,-0.139711368239379,-0.03783601933011299,258
naive_topj,False,0.9131346911712614,4.968061238870746,0.47519240181282607,0.12868951988006688,258
train_vault,False,,0.07337190315428525,0.34222855420877074,0.09268083446276058,258
verdict,False,,0.07337190315428525,0.34222855420877074,0.09268083446276058,258
naive_span,False,,15.770156675610474,-0.139711368239379,-0.03783601933011299,258
split_verdict,False,,2.7801390011884184,0.5709672266047602,0.15462683742144945,258
naive_signflip,True,0.9978696854853235,5.520140347393576,-0.007043953163184791,-0.001907612468485943,259
naive_rankls,True,0.9999999158660549,7.837645108130314,0.6924570320132468,0.18752817310926032,259
naive_greedy,True,0.997402399726403,12.65942830144287,0.4117496467577062,0.11150823150768262,259
naive_topj,True,0.9773793058208791,4.76302167929914,-0.9684993765291023,-0.2622847488600358,259
train_vault,True,,1.919105263975494,0.5351893034706796,0.14493761736476107,259
verdict,True,,2.5090589788117126,0.35853550509903764,0.09709701130559419,259
naive_span,False,,12.65942830144287,0.4117496467577062,0.11150823150768262,259
split_verdict,False,,3.922402922970768,-1.0543070109806436,-0.2855227956753607,259
naive_signflip,True,0.9999999831207613,8.24403508977208,-0.1436221614340982,-0.038895123172385464,260
naive_rankls,True,0.9999999823952759,8.236446063406818,-0.15915311423843123,-0.043101147620682206,260
naive_greedy,True,0.9999837792514643,14.619749223286423,0.3671736203932449,0.09943634776307832,260
naive_topj,True,0.9670961357321163,4.932649700225032,0.8993462472381388,0.24355700200905891,260
train_vault,False,,0.35987241933435987,0.22462681326050898,0.060832447321139176,260
verdict,False,,0.35987241933435987,0.22462681326050898,0.060832447321139176,260
naive_span,False,,14.619749223286423,0.3671736203932449,0.09943634776307832,260
split_verdict,False,,3.3542353394391737,-0.6514047904094583,-0.17641058528201858,260
naive_signflip,True,0.9999489821649746,6.610574476792557,0.3945469873789625,0.10684948282469577,261
naive_rankls,True,0.9999999999332188,8.947074113065307,0.2624220071642689,0.07106797579064682,261
naive_greedy,True,0.9999540653584562,13.78694888793742,0.20276339027982293,0.05491149110301438,261
naive_topj,True,0.9922729951091335,5.454668405851844,-0.37395162588616776,-0.10127193745117327,261
train_vault,False,,0.9771073219653121,0.2767235031891942,0.07494104415199503,261
verdict,False,,0.9771073219653121,0.2767235031891942,0.07494104415199503,261
naive_span,False,,13.78694888793742,0.20276339027982293,0.05491149110301438,261
split_verdict,False,,4.814395448236238,-0.027104148988769484,-0.007340226625712009,261
naive_signflip,True,0.999999999921146,8.97247365146652,-0.6395272626373858,-0.1731939653602374,262
naive_rankls,True,0.9999999998515345,8.696138119241692,-0.9298215962569407,-0.2518102022253197,262
naive_greedy,True,0.9999987815159842,14.21858944474428,-1.9525270704951232,-0.528774808469736,262
naive_topj,True,0.9941870031226087,5.512723930415918,-0.3728164811707058,-0.10096452254329616,262
train_vault,False,,0.42668356500318827,0.20654083201643303,0.0559344812888944,262
verdict,False,,0.42668356500318827,0.20654083201643303,0.0559344812888944,262
naive_span,False,,14.21858944474428,-1.9525270704951232,-0.528774808469736,262
split_verdict,False,,4.506258891605034,-0.09935763656844171,-0.026907598896009584,262
naive_signflip,True,0.9983438583568759,5.425811365183116,-0.37348255284520543,-0.1011449051497311,263
naive_rankls,True,0.9999932371351502,6.7738141692388085,0.5782579527649248,0.1566012798694964,263
naive_greedy,True,0.9998612024429467,13.335171006496044,-1.4073898370239233,-0.38114313637959707,263
naive_topj,True,0.9606598102498324,4.6236282452652215,0.9221020348807576,0.2497196245069137,263
train_vault,False,,-1.5620349968655451,2.366569952290929,0.6409040838217631,263
verdict,False,,-1.5620349968655451,2.366569952290929,0.6409040838217631,263
naive_span,False,,13.335171006496044,-1.4073898370239233,-0.38114313637959707,263
split_verdict,False,,2.4986890449825525,1.624855306171033,0.4400361799305297,263
naive_signflip,True,0.9999999854228503,8.283508201683556,1.1346990363956388,0.3072942110291712,264
naive_rankls,True,0.9999999622769552,8.019883535092562,1.3844810471332052,0.37493907848468344,264
naive_greedy,True,0.9999914050705933,13.650836430490836,0.6715324720136145,0.18186147564149446,264
naive_topj,True,0.9948531792849657,5.737291516683982,0.41724821520047867,0.11299732967134979,264
train_vault,False,,-0.15393835791833876,0.8464628183499856,0.22923534398745457,264
verdict,False,,-0.15393835791833876,0.8464628183499856,0.22923534398745457,264
naive_span,False,,13.650836430490836,0.6715324720136145,0.18186147564149446,264
split_verdict,False,,4.6241989613071475,1.1971757752084906,0.3242138871242136,264
naive_signflip,True,0.999999999998757,10.122404066313676,1.2656200625292124,0.34274966850504984,265
naive_rankls,True,0.9999999999975497,10.024910364294701,1.4329999785935532,0.388078762475644,265
naive_greedy,True,0.9997662478988882,14.862598949816151,1.5148020260889534,0.41023203381842943,265
naive_topj,True,0.9958887470609389,6.044614005454874,1.3617417426878287,0.36878091989393474,265
train_vault,False,,-0.420215364603522,1.3680086438395576,0.3704780945484013,265
verdict,False,,-0.420215364603522,1.3680086438395576,0.3704780945484013,265
naive_span,False,,14.862598949816151,1.5148020260889534,0.41023203381842943,265
split_verdict,True,,5.511004422980421,2.066822873756002,0.5597278960819042,265
naive_signflip,True,0.9999999992189114,8.408985362134858,-1.7260597180647623,-0.46744391441168537,266
naive_rankls,True,0.9999999979192408,8.225399367889283,-1.6743006560320168,-0.4534267524852195,266
naive_greedy,True,0.9988587008795549,12.773177791060586,0.4155022439369023,0.11252449339960625,266
naive_topj,True,0.9584774818076657,4.429960367778939,0.11292059138735325,0.0305806587705828,266
train_vault,False,,0.3075562560564145,0.03622108073270361,0.009809234051820553,266
verdict,False,,0.3075562560564145,0.03622108073270361,0.009809234051820553,266
naive_span,False,,12.773177791060586,0.4155022439369023,0.11252449339960625,266
split_verdict,False,,3.526322197141611,-0.7603656422056484,-0.2059188847621479,266
naive_signflip,True,0.9999999999974236,9.826186674342521,-1.2520547656299397,-0.33907597435855635,267
naive_rankls,True,0.9999999999999076,10.345485428554351,-1.9410846655716303,-0.5256760266073576,267
naive_greedy,True,0.9999958837734652,14.952094763550978,-2.1173904923564053,-0.5734223965291725,267
naive_topj,True,0.9910934770807526,5.570166477329025,-2.218493432912435,-0.6008026509881722,267
train_vault,False,,-0.12578907523929053,-0.932740612184879,-0.252600717302698,267
verdict,False,,-0.12578907523929053,-0.932740612184879,-0.252600717302698,267
naive_span,False,,14.952094763550978,-2.1173904923564053,-0.5734223965291725,267
split_verdict,False,,2.5806980981426713,-0.6686191137527144,-0.18107249274866288,267
naive_signflip,True,0.9999999991136623,9.245060349209133,-1.2796120917991662,-0.3465389284385608,268
naive_rankls,True,0.99999999966046,9.216509943837798,-1.0478056054038538,-0.2837621135621138,268
naive_greedy,True,0.9999951659321182,15.20760428516518,-0.2937765392571299,-0.07955927250688466,268
naive_topj,True,0.9997803829712258,7.111799385524395,-0.5603105357446532,-0.1517408391919625,268
train_vault,False,,0.07697469199667822,-0.44808360006557757,-0.12134803321473199,268
verdict,False,,0.07697469199667822,-0.44808360006557757,-0.12134803321473199,268
naive_span,False,,15.20760428516518,-0.2937765392571299,-0.07955927250688466,268
split_verdict,False,,5.1150160729554734,0.6805619379817412,0.1843067959702259,268
naive_signflip,True,0.9999999999906428,9.353445704312275,-0.6848690182767848,-0.1854732205450708,269
naive_rankls,True,0.9999999999762671,9.245766958389236,-0.6763204548310151,-0.18315813612599435,269
naive_greedy,True,0.9998033872315072,13.061373020642138,-1.0424292901544634,-0.28230612347151374,269
naive_topj,True,0.9965411981753206,5.650992355625307,0.15697059021075033,0.04251008604609163,269
train_vault,False,,0.37910107744906424,0.24177139889473817,0.06547546872761507,269
verdict,False,,0.37910107744906424,0.24177139889473817,0.06547546872761507,269
naive_span,False,,13.061373020642138,-1.0424292901544634,-0.28230612347151374,269
split_verdict,False,,4.365200410665769,-0.09702663841084422,-0.026276328209445237,269
naive_signflip,True,0.9999999999994104,10.166225252841544,-1.0066757226564724,-0.2726234993012553,270
naive_rankls,True,0.9999999999998836,10.376813954023058,-0.9732160662784842,-0.2635621020688741,270
naive_greedy,True,0.999999493917193,15.78112637333182,-0.0997595433046228,-0.02701644151369117,270
naive_topj,True,0.9942121310930729,5.883470011874732,-0.4625453835562558,-0.12526450992379756,270
train_vault,False,,-0.45124711331338163,-0.1712736226712518,-0.04638357049817671,270
verdict,False,,-0.45124711331338163,-0.1712736226712518,-0.04638357049817671,270
naive_span,False,,15.78112637333182,-0.0997595433046228,-0.02701644151369117,270
split_verdict,False,,4.731831464295807,-1.2524574770609083,-0.3391850349001472,270
naive_signflip,True,0.9999999780554312,8.312140234617308,0.5231149539741091,0.14166769504771645,271
naive_rankls,True,0.9999999999996146,9.672050943494211,-0.031157015753322484,-0.008437806208378914,271
naive_greedy,True,0.9934991444284189,15.278206804456158,0.9456188099949189,0.25608833429062144,271
naive_topj,False,0.8891931709802576,4.38391474864409,0.014218730310824403,0.003850654114046396,271
train_vault,False,,-0.2050212782762403,-0.03373878116434175,-0.0091369885814967,271
verdict,False,,-0.2050212782762403,-0.03373878116434175,-0.0091369885814967,271
naive_span,False,,15.278206804456158,0.9456188099949189,0.25608833429062144,271
split_verdict,False,,2.8695246546019604,-0.493467315626493,-0.1336386518012813,271
naive_signflip,True,0.9999999859076558,8.170831891258997,2.7619198336516533,0.7479710028694149,272
naive_rankls,True,0.9999999999864364,9.279993270879572,2.99525937013389,0.8111629916393958,272
naive_greedy,True,0.9999572193534559,15.48536957232265,1.4222294309697319,0.3851619300573072,272
naive_topj,True,0.9993694808153903,6.619214078478639,-0.21267294992784083,-0.05759515453799628,272
train_vault,False,,-1.622012771120402,-1.2072641848589014,-0.326945985931585,272
verdict,False,,-1.622012771120402,-1.2072641848589014,-0.326945985931585,272
naive_span,False,,15.48536957232265,1.4222294309697319,0.3851619300573072,272
split_verdict,False,,3.869499791433102,0.38662865569220517,0.10470507500350065,272
naive_signflip,True,0.9999999988292508,8.942866089068406,-1.5074087920542887,-0.4082298306378812,273
naive_rankls,True,0.9999999999976258,9.761745293302393,-1.1286969844547745,-0.3056687616751445,273
naive_greedy,True,0.9999973182125247,14.370007900812652,-0.10449818268566616,-0.028299739025404006,273
naive_topj,True,0.9942901452103463,5.781065307316499,-1.5463989227735702,-0.41878896664928106,273
train_vault,False,,0.4702370790316631,-0.9033034594898462,-0.2446286768565375,273
verdict,False,,0.4702370790316631,-0.9033034594898462,-0.2446286768565375,273
naive_span,False,,14.370007900812652,-0.10449818268566616,-0.028299739025404006,273
split_verdict,False,,4.029992672982905,-0.8276115569582495,-0.22413012814565808,273
naive_signflip,True,0.9999899202393251,7.261697810823108,0.0929644401896441,0.025176221522659838,274
naive_rankls,True,0.9999978866678291,7.591572493281923,-0.08567353640918167,-0.02320173097226369,274
naive_greedy,True,0.9999995411497241,14.49283959267481,0.08796320120723028,0.023821807939873176,274
naive_topj,False,0.8544454508953128,4.068133681612122,-0.8818544570986229,-0.2388199522028967,274
train_vault,False,,0.5189332821822069,-0.5137141332490358,-0.13912180605417826,274
verdict,False,,0.5189332821822069,-0.5137141332490358,-0.13912180605417826,274
naive_span,False,,14.49283959267481,0.08796320120723028,0.023821807939873176,274
split_verdict,False,,2.2404798174663973,0.09084765418593381,0.02460296283109174,274
naive_signflip,True,0.9998753362133924,6.663778209999679,-1.2135952954677918,-0.32866054950932216,275
naive_rankls,True,0.999999999425523,9.045993740726765,-1.049141276762974,-0.2841238342151945,275
naive_greedy,True,0.9997881874405421,14.118731903959842,-0.6499473519455635,-0.1760158881962532,275
naive_topj,True,0.9840727181056561,5.270119710258108,-0.8904672004922076,-0.2411524175536521,275
train_vault,False,,1.1280130582747225,-1.0548674219437268,-0.2856745637118436,275
verdict,False,,1.1280130582747225,-1.0548674219437268,-0.2856745637118436,275
naive_span,False,,14.118731903959842,-0.6499473519455635,-0.1760158881962532,275
split_verdict,False,,4.309642751643798,-0.08046593186578337,-0.02179143037431946,275
naive_signflip,True,0.9999998593889375,7.636948779380356,-0.9759272813754643,-0.2642963414375822,276
naive_rankls,True,0.9999999896474029,8.23792922817713,-0.9814717460148795,-0.26579786900771246,276
naive_greedy,True,0.9999393397301949,13.376684882641808,-1.2159486231229624,-0.3292978673723794,276
naive_topj,True,0.9799468937378585,4.912860223243017,-0.8194853636325963,-0.2219294281480541,276
train_vault,False,,-0.47469917656760835,0.16756521402036156,0.0453792755494748,276
verdict,False,,-0.47469917656760835,0.16756521402036156,0.0453792755494748,276
naive_span,False,,13.376684882641808,-1.2159486231229624,-0.3292978673723794,276
split_verdict,False,,3.3217712697135955,-0.22583632406589937,-0.061160001726979094,276
naive_signflip,True,0.9999999998821417,8.790675703979762,0.8555430998897467,0.2316944259661853,277
naive_rankls,True,0.9999999999910968,9.285875359760595,0.9996516682688941,0.27072127573181154,277
naive_greedy,True,0.9999730947408578,13.870498948511596,0.1858367987594702,0.05032750590533396,277
naive_topj,True,0.981911016707488,5.137095200755335,0.638475520993595,0.1729091373060409,277
train_vault,False,,-0.6204240645726189,0.03553812764192522,0.009624279694348531,277
verdict,False,,-0.6204240645726189,0.03553812764192522,0.009624279694348531,277
naive_span,False,,13.870498948511596,0.1858367987594702,0.05032750590533396,277
split_verdict,False,,3.6610195594102755,0.9214993488144821,0.24955640771259732,277
naive_signflip,True,0.9999833559322422,7.569270208372282,-0.38221021735835214,-0.10350849293351377,278
naive_rankls,True,0.9999999407218076,8.68971727084653,0.02270565291584886,0.006149045231272387,278
naive_greedy,True,0.9997594967727044,14.99868025510617,0.9191975788581163,0.24893305247916123,278
naive_topj,True,0.9744544509145002,5.427738117589679,0.35767009319066456,0.0968626442522445,278
train_vault,True,,1.7340161627123387,-0.4925392374688254,-0.13338731374944,278
verdict,False,,1.7340161627123387,-0.4925392374688254,-0.13338731374944,278
naive_span,False,,14.99868025510617,0.9191975788581163,0.24893305247916123,278
split_verdict,False,,4.296385008514337,-0.1702543018931763,-0.046107522520486235,278
naive_signflip,True,0.9994160383867864,6.182614124722762,0.723840684888965,0.19602735618805392,279
naive_rankls,True,0.999995331735146,7.300424365153951,0.022291786700795947,0.0060369638000319975,279
naive_greedy,True,0.9998838911661608,14.136478006982868,1.5437437763493853,0.4180699115523643,279
naive_topj,False,0.9329803444898913,4.674082298580899,-0.6227858539761068,-0.1686601305713878,279
train_vault,False,,0.7914611158066662,-0.5896805824108406,-0.15969470627802668,279
verdict,False,,0.7914611158066662,-0.5896805824108406,-0.15969470627802668,279
naive_span,False,,14.136478006982868,1.5437437763493853,0.4180699115523643,279
split_verdict,False,,3.8365281531801347,0.18751035954089093,0.05078073228822543,279
naive_signflip,True,0.9999999999998086,9.966010711859127,-0.16160536878578913,-0.04376525643033338,280
naive_rankls,True,0.9999999999998032,10.064137693671109,-0.09275965165739994,-0.025120761591501624,280
naive_greedy,True,0.9999882056289435,15.1980291583774,0.34073515614812006,0.09227639895688594,280
naive_topj,True,0.995953132325116,5.985572747253219,-0.11632874459279746,-0.03150363985785003,280
train_vault,False,,-0.17129900800950493,0.7803930309757945,0.2113426142566627,280
verdict,False,,-0.17129900800950493,0.7803930309757945,0.2113426142566627,280
naive_span,False,,15.1980291583774,0.34073515614812006,0.09227639895688594,280
split_verdict,False,,4.035160547608712,-0.13219768998092707,-0.03580119797370094,280
naive_signflip,True,0.999996126244638,6.890730509262271,-0.7574208639546737,-0.2051213928455569,281
naive_rankls,True,0.9999974632731362,7.059665543668039,-0.7444791017576381,-0.20161656162943295,281
naive_greedy,True,0.9996279380262884,12.0591451716093,0.520291802738828,0.14090314162550024,281
naive_topj,False,0.8620334620305532,3.6933112359556075,-0.8972704140022223,-0.2429948339662576,281
train_vault,False,,-0.5245802817569477,-0.6100475608967704,-0.165210401968368,281
verdict,False,,-0.5245802817569477,-0.6100475608967704,-0.165210401968368,281
naive_span,False,,12.0591451716093,0.520291802738828,0.14090314162550024,281
split_verdict,False,,2.156919087778147,-1.2204187019111052,-0.33050843448346456,281
naive_signflip,True,0.9999996164025179,7.94049795742873,0.2529686841934068,0.06850786836942034,282
naive_rankls,True,0.9999999990668046,9.03529466710631,0.23952186220397906,0.06486625907783533,282
naive_greedy,True,0.9999578085113844,14.90963685830775,-0.03844003167825833,-0.010410160604373756,282
naive_topj,True,0.9932974749952711,5.734692336386089,-0.7901447425011503,-0.21398352995611292,282
train_vault,False,,-0.07145114086730071,-0.7882678748369315,-0.21347524489586087,282
verdict,False,,-0.07145114086730071,-0.7882678748369315,-0.21347524489586087,282
naive_span,False,,14.90963685830775,-0.03844003167825833,-0.010410160604373756,282
split_verdict,False,,4.027383007215683,-0.6075193535655266,-0.164525723959263,282
naive_signflip,True,0.999999999851274,9.227174054725634,-0.9610894065960378,-0.26027801333696354,283
naive_rankls,True,0.9999999998356408,9.122918388500304,-0.7768799790299266,-0.21039122495308213,283
naive_greedy,True,0.9924804724528801,14.662835450481731,-0.8748877880516519,-0.2369332694794403,283
naive_topj,True,0.9837652731779156,5.417102723145092,0.26693670618371323,0.07229062675686354,283
train_vault,False,,-0.47856792038756807,-0.8899274145831166,-0.2410062351037351,283
verdict,False,,-0.47856792038756807,-0.8899274145831166,-0.2410062351037351,283
naive_span,False,,14.662835450481731,-0.8748877880516519,-0.2369332694794403,283
split_verdict,False,,3.9945188407695826,-0.27346395926151595,-0.07405830877684877,283
naive_signflip,True,0.9999999999830185,9.38985110357739,0.9021818297152566,0.24432492200560876,284
naive_rankls,True,0.9999999999897125,9.534111822867231,0.6963496722056325,0.18858236083514338,284
naive_greedy,True,0.9999647735718541,14.416754993960158,1.2442491409637824,0.33696208935782884,284
naive_topj,True,0.9598019248138572,4.820160276910676,-1.648287254878289,-0.44638191739915806,284
train_vault,False,,-0.7720771994749237,-0.9642676275496564,-0.2611387251813315,284
verdict,False,,-0.7720771994749237,-0.9642676275496564,-0.2611387251813315,284
naive_span,False,,14.416754993960158,1.2442491409637824,0.33696208935782884,284
split_verdict,False,,2.586473184421774,-0.27605004752002577,-0.07475866184454405,284
naive_signflip,True,0.99999992918304,7.691792323940033,-0.3141549331554384,-0.08507805966908594,285
naive_rankls,True,0.9999999064214568,7.6431093203097475,-0.04503333295451963,-0.012195729507474422,285
naive_greedy,True,0.9996043163349627,13.394461605506264,0.315724984447483,0.08550325406653314,285
naive_topj,False,0.9317669559031683,4.4524637461478624,0.11019239478219989,0.029841820544390146,285
train_vault,False,,-1.044843206088057,0.7541580077408587,0.204237760451622,285
verdict,False,,-1.044843206088057,0.7541580077408587,0.204237760451622,285
naive_span,False,,13.394461605506264,0.315724984447483,0.08550325406653314,285
split_verdict,False,,1.901958139326538,-0.19426148329080928,-0.052609041980706844,285
naive_signflip,True,0.9998925965338207,6.20296398093103,0.37261313130565976,0.10090945222567194,286
naive_rankls,True,0.999939306412325,6.322709468241087,0.456241666203554,0.12355736486742862,286
naive_greedy,True,0.9999848202970795,12.07014364611824,0.3626144301751913,0.09820164788579719,286
naive_topj,False,0.824257712418359,3.4954735652007503,1.1036729115136075,0.29889185211186614,286
train_vault,False,,-0.36608468163515445,0.052682783568667076,0.01426732013713408,286
verdict,False,,-0.36608468163515445,0.052682783568667076,0.01426732013713408,286
naive_span,False,,12.07014364611824,0.3626144301751913,0.09820164788579719,286
split_verdict,False,,2.0754331495378966,0.08430516925615075,0.02283115578783015,286
naive_signflip,True,0.999999999999368,9.812079828929406,-0.7503481958361089,-0.20320600391893076,287
naive_rankls,True,0.9999999999957019,9.804542323668779,-0.6981867570351935,-0.1890798720827838,287
naive_greedy,True,0.9996271797574925,13.963544395464696,0.6830979623775847,0.18499359096244417,287
naive_topj,False,0.9162726194697335,4.099571523004179,0.8154314862518788,0.22083157487475474,287
train_vault,False,,-0.4806816027695674,0.6060200062121567,0.1641196772920551,287
verdict,False,,-0.4806816027695674,0.6060200062121567,0.1641196772920551,287
naive_span,False,,13.963544395464696,0.6830979623775847,0.18499359096244417,287
split_verdict,False,,2.9873312854455687,0.9473437251905724,0.25655546825049885,287
naive_signflip,True,0.9999999999999977,10.862679996432135,0.9795852323198648,0.2652869716517521,288
naive_rankls,True,0.9999999999999999,11.186919995160714,0.8103308500834534,0.21945024298246554,288
naive_greedy,True,0.999989476444463,14.681951030568571,1.7843152660360906,0.48322042613657906,288
naive_topj,True,0.9946513549994307,5.662442699313316,0.8888515447937217,0.24071487277108308,288
train_vault,False,,-0.4182964680690062,0.3573138168327243,0.09676615905325345,288
verdict,False,,-0.4182964680690062,0.3573138168327243,0.09676615905325345,288
naive_span,False,,14.681951030568571,1.7843152660360906,0.48322042613657906,288
split_verdict,False,,3.3413480963741233,-0.7500861057664293,-0.2031350258369923,288
naive_signflip,True,0.9999999999992327,9.7205839175388,0.5725772889978897,0.15506286744961983,289
naive_rankls,True,0.9999999999997035,10.006831554858842,-0.08886094131737088,-0.02406492997488538,289
naive_greedy,True,0.99884755259272,14.879803877972513,0.9380278619863048,0.25403258707973086,289
naive_topj,True,0.997689956847534,6.054078700289886,1.3275376816682554,0.3595179262649011,289
train_vault,False,,-0.3807760496005157,-0.28703231187451833,-0.07773283045831811,289
verdict,False,,-0.3807760496005157,-0.28703231187451833,-0.07773283045831811,289
naive_span,False,,14.879803877972513,0.9380278619863048,0.25403258707973086,289
split_verdict,False,,3.7564536434764797,0.31380303183663383,0.08498275929898456,289
naive_signflip,True,0.9999074083276682,7.36483533998348,0.6576335565083944,0.17809743236892348,290
naive_rankls,True,0.9999999999717414,9.793350568983202,0.1306810489677957,0.03539046791348594,290
naive_greedy,True,0.9999983485617356,17.230153426479283,-0.6080273311204433,-0.16466329221036025,290
naive_topj,True,0.9942928166035865,6.224074766640348,-0.10495655539053575,-0.02842387350880644,290
train_vault,False,,1.2444157399500368,-0.08268773229548029,-0.022393128611657116,290
verdict,False,,1.2444157399500368,-0.08268773229548029,-0.022393128611657116,290
naive_span,False,,17.230153426479283,-0.6080273311204433,-0.16466329221036025,290
split_verdict,False,,4.1242941036818594,0.26043188377646465,0.07052901931259374,290
naive_signflip,True,0.9999999997800763,9.595857492602931,1.4120366261383683,0.3824015594053874,291
naive_rankls,True,0.9999999999999994,11.016176524284255,0.833368630257024,0.22568923345943678,291
naive_greedy,True,0.9999814208303338,15.412093289400934,0.49228001716945774,0.1333171128460974,291
naive_topj,True,0.9999409227058423,7.446607737218704,2.717132280814054,0.7358418344540831,291
train_vault,True,,1.7118445136599783,0.8977465103540176,0.24312376828990304,291
verdict,True,,2.498800282183891,0.10335219206627286,0.027989386877444213,291
naive_span,False,,15.412093289400934,0.49228001716945774,0.1333171128460974,291
split_verdict,False,,5.379762028519593,2.863745460238024,0.7755469719861275,291
naive_signflip,True,0.9999999999999222,11.189560979522183,1.2549153084793825,0.3398506540135483,292
naive_rankls,True,1.0,12.290410725171329,1.077427031523411,0.2917840581280334,292
naive_greedy,True,0.9999999965865455,17.991220528418356,1.1174710093267126,0.3026285923797085,292
naive_topj,True,0.9999098039430633,7.779086355146757,0.48703043231855786,0.13189544332559427,292
train_vault,False,,1.1032805024621706,1.5782313093719773,0.4274096738246438,292
verdict,False,,1.1032805024621706,1.5782313093719773,0.4274096738246438,292
naive_span,False,,17.991220528418356,1.1174710093267126,0.3026285923797085,292
split_verdict,True,,7.0072185970193095,0.6869711008800189,0.18604249732627864,292
naive_signflip,True,0.9999994882442126,7.832200272920138,-0.8577436373559594,-0.23229036586110927,293
naive_rankls,True,0.9999999999923189,9.472264263469384,-0.29164482250200124,-0.07898197033477239,293
naive_greedy,True,0.9998182213338078,13.128893944983147,-0.3664886605548301,-0.09925084994702223,293
naive_topj,True,0.9833808228772134,5.128871880871528,0.6137429161002527,0.16621116183975534,293
train_vault,False,,1.2169668146182968,0.5342922627907261,0.14469468474636119,293
verdict,False,,1.2169668146182968,0.5342922627907261,0.14469468474636119,293
naive_span,False,,13.128893944983147,-0.3664886605548301,-0.09925084994702223,293
split_verdict,False,,3.603627036100744,-0.06493503412611558,-0.01758542083839359,293
naive_signflip,True,0.9999998976708895,8.194438334103097,-1.4677008810034258,-0.3974763085085676,294
naive_rankls,True,0.9999999999799092,9.977399231039712,0.2061031709660036,0.055815955844810916,294
naive_greedy,True,0.9995648088615546,15.658093211189856,-1.0290871768006835,-0.2786928709129013,294
naive_topj,True,0.9873699852100304,5.639387854670951,1.1062569496683172,0.2995916499794515,294
train_vault,False,,-0.36313845273092404,0.5850465632799433,0.15843974156311294,294
verdict,False,,-0.36313845273092404,0.5850465632799433,0.15843974156311294,294
naive_span,False,,15.658093211189856,-1.0290871768006835,-0.2786928709129013,294
split_verdict,False,,3.0496631778134353,0.0008140949205926274,0.000220469612031239,294
naive_signflip,True,0.9996967883975495,6.68747427595676,0.036017139014481704,0.00975400345111783,295
naive_rankls,True,0.9999999998992837,9.47644194382397,0.5574790189685053,0.15097402025069848,295
naive_greedy,True,0.9999353036276509,15.539081354979288,-1.159927616668712,-0.31412650437016687,295
naive_topj,True,0.9820257892091164,5.531137454298251,-0.423151065334372,-0.11459591362756788,295
train_vault,False,,1.0194162878815078,0.7989453370909947,0.2163668683430602,295
verdict,False,,1.0194162878815078,0.7989453370909947,0.2163668683430602,295
naive_span,False,,15.539081354979288,-1.159927616668712,-0.31412650437016687,295
split_verdict,False,,3.9710381754562416,0.04419256411337879,0.011968036181394782,295
naive_signflip,True,0.9999956995613681,6.954555328908661,0.4857484224143331,0.13154825503212245,296
naive_rankls,True,0.9999979007685628,7.163439934009337,0.45417157661322205,0.12299675229350646,296
naive_greedy,True,0.9939743729595575,12.909893574242101,0.9395558718538475,0.2544463960031815,296
naive_topj,True,0.989714540270507,5.462403094177992,1.388651012999705,0.3760683703320045,296
train_vault,False,,-1.22805528558888,0.684077218359393,0.185258788767918,296
verdict,False,,-1.22805528558888,0.684077218359393,0.185258788767918,296
naive_span,False,,12.909893574242101,0.9395558718538475,0.2544463960031815,296
split_verdict,False,,3.87999731986565,-0.4755184693067504,-0.12877782404714014,296
naive_signflip,True,0.9999999995510765,8.64964827950574,-0.5080041721485348,-0.1375754594590852,297
naive_rankls,True,0.9999999999083086,8.915447898542768,-0.28397879487851546,-0.0769058903922267,297
naive_greedy,True,0.9999871493523764,15.202407322188517,-0.1815175205978095,-0.04915777795780773,297
naive_topj,True,0.9714116750702156,5.196773391911524,-0.9452268676252178,-0.25598219017892043,297
train_vault,False,,0.20493179284555996,-0.05050101533679123,-0.013676463243845038,297
verdict,False,,0.20493179284555996,-0.05050101533679123,-0.013676463243845038,297
naive_span,False,,15.202407322188517,-0.1815175205978095,-0.04915777795780773,297
split_verdict,False,,0.25070631579007463,-0.6510276471408332,-0.17630844899789405,297
naive_signflip,True,0.9999611984950981,6.646734192933521,0.18907855358348144,0.05120542371352993,298
naive_rankls,True,0.9999999999991861,10.012850849386801,-1.291186102078471,-0.3496733510855739,298
naive_greedy,True,0.9999994276449621,14.988598194811548,-2.4448243380596932,-0.6620965929920982,298
naive_topj,True,0.9582145115787423,4.901062325321228,-1.0446163228150922,-0.2828984060542836,298
train_vault,False,,-0.7480505407804636,-0.6114627058004707,-0.16559364529785553,298
verdict,False,,-0.7480505407804636,-0.6114627058004707,-0.16559364529785553,298
naive_span,False,,14.988598194811548,-2.4448243380596932,-0.6620965929920982,298
split_verdict,False,,2.795240656300615,-1.262689788058773,-0.3419561044386231,298
naive_signflip,True,0.9998730438841474,6.98964024232207,1.8697460741628658,0.5063564225011238,299
naive_rankls,True,0.9999997938407247,8.406430828342659,1.0517449543195685,0.28482895073936954,299
naive_greedy,True,0.9999957941512437,15.305483562387689,0.11705438580042926,0.03170015482370192,299
naive_topj,True,0.99079206102898,5.772206923438896,0.9154899759625401,0.2479289757415757,299
train_vault,False,,-0.20072266204752737,0.9606417764421833,0.26015678810406084,299
verdict,False,,-0.20072266204752737,0.9606417764421833,0.26015678810406084,299
naive_span,False,,15.305483562387689,0.11705438580042926,0.03170015482370192,299
split_verdict,True,,5.1104002048175845,0.8348965357409192,0.22610301411416628,299
